#
# There is insufficient memory for the Java Runtime Environment to continue.
# Native memory allocation (malloc) failed to allocate 840256 bytes for Chunk::new
# Possible reasons:
#   The system is out of physical RAM or swap space
#   The process is running with CompressedOops enabled, and the Java Heap may be blocking the growth of the native heap
# Possible solutions:
#   Reduce memory load on the system
#   Increase physical memory or swap space
#   Check if swap backing store is full
#   Decrease Java heap size (-Xmx/-Xms)
#   Decrease number of Java threads
#   Decrease Java thread stack sizes (-Xss)
#   Set larger code cache with -XX:ReservedCodeCacheSize=
#   JVM is running with Unscaled Compressed Oops mode in which the Java heap is
#     placed in the first 4GB address space. The Java Heap base address is the
#     maximum limit for the native heap growth. Please use -XX:HeapBaseMinAddress
#     to set the Java Heap base and to place the Java Heap above 4GB virtual address.
# This output file may be truncated or incomplete.
#
#  Out of Memory Error (arena.cpp:189), pid=10784, tid=10908
#
# JRE version: Java(TM) SE Runtime Environment (17.0.12+8) (build 17.0.12+8-LTS-286)
# Java VM: Java HotSpot(TM) 64-Bit Server VM (17.0.12+8-LTS-286, mixed mode, sharing, tiered, compressed oops, compressed class ptrs, g1 gc, windows-amd64)
# No core dump will be written. Minidumps are not enabled by default on client versions of Windows
#

---------------  S U M M A R Y ------------

Command Line: --add-opens=java.base/java.lang=ALL-UNNAMED --add-opens=java.base/java.lang.invoke=ALL-UNNAMED --add-opens=java.base/java.util=ALL-UNNAMED --add-opens=java.prefs/java.util.prefs=ALL-UNNAMED --add-exports=jdk.compiler/com.sun.tools.javac.api=ALL-UNNAMED --add-exports=jdk.compiler/com.sun.tools.javac.util=ALL-UNNAMED --add-opens=java.base/java.util=ALL-UNNAMED --add-opens=java.prefs/java.util.prefs=ALL-UNNAMED --add-opens=java.base/java.nio.charset=ALL-UNNAMED --add-opens=java.base/java.net=ALL-UNNAMED --add-opens=java.base/java.util.concurrent.atomic=ALL-UNNAMED --add-opens=java.xml/javax.xml.namespace=ALL-UNNAMED -Xmx1024m -Dfile.encoding=UTF-8 -Duser.country=CN -Duser.language=zh -Duser.variant -javaagent:C:\Users\Administrator\.gradle\wrapper\dists\gradle-8.13-bin\5xuhj0ry160q40clulazy9h7d\gradle-8.13\lib\agents\gradle-instrumentation-agent-8.13.jar org.gradle.launcher.daemon.bootstrap.GradleDaemon 8.13

Host: 11th Gen Intel(R) Core(TM) i5-11600K @ 3.90GHz, 12 cores, 31G,  Windows 10 , 64 bit Build 19041 (10.0.19041.3636)
Time: Fri Mar 27 15:12:22 2026  Windows 10 , 64 bit Build 19041 (10.0.19041.3636) elapsed time: 21.832450 seconds (0d 0h 0m 21s)

---------------  T H R E A D  ---------------

Current thread (0x00000224e3ca3fc0):  JavaThread "C2 CompilerThread2" daemon [_thread_in_native, id=10908, stack(0x0000004517000000,0x0000004517100000)]


Current CompileTask:
C2:  21832 23256       4       ksp.org.jetbrains.kotlin.parsing.KotlinExpressionParsing$Precedence::parseHigherPrecedence (30 bytes)

Stack: [0x0000004517000000,0x0000004517100000]
Native frames: (J=compiled Java code, j=interpreted, Vv=VM code, C=native code)
V  [jvm.dll+0x67a04a]
V  [jvm.dll+0x7da4ed]
V  [jvm.dll+0x7dbe33]
V  [jvm.dll+0x7dc4a3]
V  [jvm.dll+0x24508f]
V  [jvm.dll+0xab773]
V  [jvm.dll+0xabd3c]
V  [jvm.dll+0x2aa52f]
V  [jvm.dll+0x581eb9]
V  [jvm.dll+0x21f422]
V  [jvm.dll+0x21f81f]
V  [jvm.dll+0x218aa0]
V  [jvm.dll+0x215b65]
V  [jvm.dll+0x1a2960]
V  [jvm.dll+0x22610b]
V  [jvm.dll+0x2242ab]
V  [jvm.dll+0x79075c]
V  [jvm.dll+0x78abea]
V  [jvm.dll+0x678f35]
C  [ucrtbase.dll+0x21bb2]
C  [KERNEL32.DLL+0x17344]
C  [ntdll.dll+0x526b1]


---------------  P R O C E S S  ---------------

Threads class SMR info:
_java_thread_list=0x00000224db1d3e20, length=206, elements={
0x00000224eb534ca0, 0x00000224f85ed350, 0x00000224f85ede20, 0x00000224f85fdee0,
0x00000224f85fe7b0, 0x00000224f8689360, 0x00000224f868c040, 0x00000224f868c910,
0x00000224f86952e0, 0x00000224f869d140, 0x00000224f87b0bc0, 0x00000224f888c080,
0x00000224feccf2a0, 0x00000224fecb1030, 0x00000224fec9b020, 0x00000224fe2907a0,
0x00000224fd91e020, 0x00000224fd91cbe0, 0x00000224fd91ea40, 0x00000224fd91ef50,
0x00000224fd91db10, 0x00000224fd91d600, 0x00000224fd91f460, 0x00000224fd91f970,
0x00000224fd91fe80, 0x00000224d1d26250, 0x00000224d1d234c0, 0x00000224d1d243f0,
0x00000224d1d28ad0, 0x00000224d1d22fb0, 0x00000224d1d25320, 0x00000224d1d25d40,
0x00000224d1d285c0, 0x00000224d1d24e10, 0x00000224d1d26760, 0x00000224d1d27ba0,
0x00000224d1d23ee0, 0x00000224d1d26c70, 0x00000224d1d27690, 0x00000224d1d28fe0,
0x00000224d1d21b70, 0x00000224d1d280b0, 0x00000224d1d22590, 0x00000224ff008050,
0x00000224ff003460, 0x00000224ff006c10, 0x00000224ff007120, 0x00000224ff004390,
0x00000224ff007630, 0x00000224ff006700, 0x00000224ff003e80, 0x00000224ff007b40,
0x00000224ff004db0, 0x00000224ff008560, 0x00000224ff008a70, 0x00000224ff003970,
0x00000224ff008f80, 0x00000224ff0057d0, 0x00000224ff002020, 0x00000224ff0099a0,
0x00000224ff002530, 0x00000224ff002a40, 0x00000224ff002f50, 0x00000224ff0048a0,
0x00000224ff0052c0, 0x00000224ff005ce0, 0x00000224ff0061f0, 0x00000224d1d239d0,
0x00000224fedfe210, 0x00000224fedfd2e0, 0x00000224fedfc8c0, 0x00000224fedfaf70,
0x00000224fedfbea0, 0x00000224fedfcdd0, 0x00000224fee00a90, 0x00000224fee00fa0,
0x00000224fedfd7f0, 0x00000224fedfdd00, 0x00000224fedfe720, 0x00000224fedfec30,
0x00000224fedfb480, 0x00000224fedff140, 0x00000224fedff650, 0x00000224fedf9b30,
0x00000224fedfb990, 0x00000224fee00070, 0x00000224fedffb60, 0x00000224fee00580,
0x00000224fedfc3b0, 0x00000224fee014b0, 0x00000224fedfa040, 0x00000224fedfa550,
0x00000224fedfaa60, 0x00000224fd4c6eb0, 0x00000224fd4c0970, 0x00000224fd4c4630,
0x00000224fd4c1390, 0x00000224fd4c5050, 0x00000224fd4c4120, 0x00000224fd4c0e80,
0x00000224fd4c69a0, 0x00000224fd4c3700, 0x00000224fd4c5f80, 0x00000224fd4c1db0,
0x00000224fd4c0460, 0x00000224fd4c5a70, 0x00000224fd4c6490, 0x00000224fd4c5560,
0x00000224fd4c3c10, 0x00000224fd4c4b40, 0x00000224fd4c73c0, 0x00000224fd4c7de0,
0x00000224fd4c78d0, 0x00000224fd4c18a0, 0x00000224fd4c22c0, 0x00000224fd4c27d0,
0x00000224fd4c2ce0, 0x00000224fd4c31f0, 0x00000224d3e88ee0, 0x00000224d3e8ad40,
0x00000224d3e86660, 0x00000224d3e85730, 0x00000224d3e8cba0, 0x00000224d3e87fb0,
0x00000224d3e893f0, 0x00000224d3e8a830, 0x00000224d3e8d0b0, 0x00000224d3e85c40,
0x00000224d3e8c690, 0x00000224d3e8b760, 0x00000224d3e89900, 0x00000224d3e8a320,
0x00000224d3e87080, 0x00000224d3e87590, 0x00000224d3e8bc70, 0x00000224d3e86150,
0x00000224d3e86b70, 0x00000224d3e8c180, 0x00000224d3e87aa0, 0x00000224d3e884c0,
0x00000224d3e89e10, 0x00000224d3e889d0, 0x00000224d3e8b250, 0x00000224fe2060c0,
0x00000224fe2065d0, 0x00000224fe205190, 0x00000224fe200ab0, 0x00000224fe202910,
0x00000224fe201ef0, 0x00000224fe2056a0, 0x00000224fe202400, 0x00000224fe2014d0,
0x00000224fe202e20, 0x00000224fe205bb0, 0x00000224fe2019e0, 0x00000224fe203840,
0x00000224fe206ae0, 0x00000224fe1ff670, 0x00000224fe200fc0, 0x00000224fe206ff0,
0x00000224fe204770, 0x00000224fe1ffb80, 0x00000224fe203330, 0x00000224fe203d50,
0x00000224fe204260, 0x00000224fe204c80, 0x00000224fe200090, 0x00000224fe2005a0,
0x00000224fd1d0b00, 0x00000224fd1d00e0, 0x00000224fd1d05f0, 0x00000224fd1ce790,
0x00000224fd1cc930, 0x00000224fd1ceca0, 0x00000224fd1d3890, 0x00000224fd1cd350,
0x00000224fd1d3380, 0x00000224fd1d3da0, 0x00000224fd1d42b0, 0x00000224fd1d2960,
0x00000224fd1cfbd0, 0x00000224fd1d1520, 0x00000224fd1d1a30, 0x00000224d1d25830,
0x00000224ff009490, 0x00000224d50b00c0, 0x00000224d567bef0, 0x00000224d50ae260,
0x00000224d50a9b80, 0x00000224d50ab9e0, 0x00000224d50aec80, 0x00000224d50aa090,
0x00000224d50b0ae0, 0x00000224d50aa5a0, 0x00000224d50a9670, 0x00000224db4f3de0,
0x00000224db4f29a0, 0x00000224db8794b0, 0x00000224d3fd2f50, 0x00000224d3fd3e80,
0x00000224d4f2bd40, 0x00000224e3ca3fc0, 0x00000224dbf6b220, 0x00000224dbf6b730,
0x00000224dbf6a2f0, 0x00000224db4f2490
}

Java Threads: ( => current thread )
  0x00000224eb534ca0 JavaThread "main" [_thread_blocked, id=23120, stack(0x0000004509200000,0x0000004509300000)]
  0x00000224f85ed350 JavaThread "Reference Handler" daemon [_thread_blocked, id=22928, stack(0x0000004509900000,0x0000004509a00000)]
  0x00000224f85ede20 JavaThread "Finalizer" daemon [_thread_blocked, id=15424, stack(0x0000004509a00000,0x0000004509b00000)]
  0x00000224f85fdee0 JavaThread "Signal Dispatcher" daemon [_thread_blocked, id=15904, stack(0x0000004509b00000,0x0000004509c00000)]
  0x00000224f85fe7b0 JavaThread "Attach Listener" daemon [_thread_blocked, id=3404, stack(0x0000004509c00000,0x0000004509d00000)]
  0x00000224f8689360 JavaThread "Service Thread" daemon [_thread_blocked, id=20140, stack(0x0000004509d00000,0x0000004509e00000)]
  0x00000224f868c040 JavaThread "Monitor Deflation Thread" daemon [_thread_blocked, id=20932, stack(0x0000004509e00000,0x0000004509f00000)]
  0x00000224f868c910 JavaThread "C2 CompilerThread0" daemon [_thread_in_native, id=13720, stack(0x0000004509f00000,0x000000450a000000)]
  0x00000224f86952e0 JavaThread "C1 CompilerThread0" daemon [_thread_in_native, id=6620, stack(0x000000450a000000,0x000000450a100000)]
  0x00000224f869d140 JavaThread "Sweeper thread" daemon [_thread_blocked, id=14892, stack(0x000000450a100000,0x000000450a200000)]
  0x00000224f87b0bc0 JavaThread "Common-Cleaner" daemon [_thread_blocked, id=14936, stack(0x000000450a200000,0x000000450a300000)]
  0x00000224f888c080 JavaThread "Notification Thread" daemon [_thread_blocked, id=9912, stack(0x000000450a300000,0x000000450a400000)]
  0x00000224feccf2a0 JavaThread "Daemon health stats" [_thread_blocked, id=22032, stack(0x000000450b000000,0x000000450b100000)]
  0x00000224fecb1030 JavaThread "Incoming local TCP Connector on port 51346" [_thread_in_native, id=24584, stack(0x000000450b100000,0x000000450b200000)]
  0x00000224fec9b020 JavaThread "Daemon periodic checks" [_thread_blocked, id=23480, stack(0x000000450b200000,0x000000450b300000)]
  0x00000224fe2907a0 JavaThread "Daemon" [_thread_blocked, id=16748, stack(0x000000450b300000,0x000000450b400000)]
  0x00000224fd91e020 JavaThread "Handler for socket connection from /127.0.0.1:51346 to /127.0.0.1:51347" [_thread_in_native, id=3700, stack(0x000000450b400000,0x000000450b500000)]
  0x00000224fd91cbe0 JavaThread "Cancel handler" [_thread_blocked, id=11108, stack(0x000000450b500000,0x000000450b600000)]
  0x00000224fd91ea40 JavaThread "Daemon worker" [_thread_blocked, id=12748, stack(0x000000450b600000,0x000000450b700000)]
  0x00000224fd91ef50 JavaThread "Asynchronous log dispatcher for DefaultDaemonConnection: socket connection from /127.0.0.1:51346 to /127.0.0.1:51347" [_thread_blocked, id=12144, stack(0x000000450b700000,0x000000450b800000)]
  0x00000224fd91db10 JavaThread "Stdin handler" [_thread_blocked, id=13512, stack(0x000000450b800000,0x000000450b900000)]
  0x00000224fd91d600 JavaThread "Daemon client event forwarder" [_thread_blocked, id=13452, stack(0x000000450b900000,0x000000450ba00000)]
  0x00000224fd91f460 JavaThread "Cache worker for journal cache (C:\Users\Administrator\.gradle\caches\journal-1)" [_thread_blocked, id=19808, stack(0x000000450ba00000,0x000000450bb00000)]
  0x00000224fd91f970 JavaThread "File lock request listener" [_thread_in_native, id=7664, stack(0x000000450bb00000,0x000000450bc00000)]
  0x00000224fd91fe80 JavaThread "Cache worker for file hash cache (C:\Users\Administrator\.gradle\caches\8.13\fileHashes)" [_thread_blocked, id=3556, stack(0x000000450bc00000,0x000000450bd00000)]
  0x00000224d1d26250 JavaThread "Cache worker for file hash cache (C:\work\AI\ApplicationArchitecture\.gradle\8.13\fileHashes)" [_thread_blocked, id=10828, stack(0x000000450bd00000,0x000000450be00000)]
  0x00000224d1d234c0 JavaThread "Cache worker for checksums cache (C:\work\AI\ApplicationArchitecture\.gradle\8.13\checksums)" [_thread_blocked, id=11224, stack(0x000000450be00000,0x000000450bf00000)]
  0x00000224d1d243f0 JavaThread "Cache worker for Build Output Cleanup Cache (C:\work\AI\ApplicationArchitecture\.gradle\buildOutputCleanup)" [_thread_blocked, id=18096, stack(0x000000450c100000,0x000000450c200000)]
  0x00000224d1d28ad0 JavaThread "Cache worker for file content cache (C:\Users\Administrator\.gradle\caches\8.13\fileContent)" [_thread_blocked, id=18004, stack(0x000000450c200000,0x000000450c300000)]
  0x00000224d1d22fb0 JavaThread "File watcher server" daemon [_thread_in_native, id=19596, stack(0x000000450c700000,0x000000450c800000)]
  0x00000224d1d25320 JavaThread "File watcher consumer" daemon [_thread_blocked, id=12852, stack(0x000000450c800000,0x000000450c900000)]
  0x00000224d1d25d40 JavaThread "build event listener" [_thread_blocked, id=18516, stack(0x000000450ca00000,0x000000450cb00000)]
  0x00000224d1d285c0 JavaThread "build event listener" [_thread_blocked, id=25456, stack(0x000000450cb00000,0x000000450cc00000)]
  0x00000224d1d24e10 JavaThread "build event listener" [_thread_blocked, id=4204, stack(0x000000450cc00000,0x000000450cd00000)]
  0x00000224d1d26760 JavaThread "Build operations" [_thread_blocked, id=1172, stack(0x000000450cd00000,0x000000450ce00000)]
  0x00000224d1d27ba0 JavaThread "Build operations Thread 2" [_thread_blocked, id=18112, stack(0x000000450ce00000,0x000000450cf00000)]
  0x00000224d1d23ee0 JavaThread "Build operations Thread 3" [_thread_blocked, id=5064, stack(0x000000450cf00000,0x000000450d000000)]
  0x00000224d1d26c70 JavaThread "Build operations Thread 4" [_thread_blocked, id=488, stack(0x000000450d000000,0x000000450d100000)]
  0x00000224d1d27690 JavaThread "Build operations Thread 5" [_thread_blocked, id=20852, stack(0x000000450d100000,0x000000450d200000)]
  0x00000224d1d28fe0 JavaThread "Build operations Thread 6" [_thread_blocked, id=16260, stack(0x000000450d200000,0x000000450d300000)]
  0x00000224d1d21b70 JavaThread "Build operations Thread 7" [_thread_blocked, id=4772, stack(0x000000450d300000,0x000000450d400000)]
  0x00000224d1d280b0 JavaThread "Build operations Thread 8" [_thread_blocked, id=4480, stack(0x000000450d400000,0x000000450d500000)]
  0x00000224d1d22590 JavaThread "Build operations Thread 9" [_thread_blocked, id=596, stack(0x000000450d500000,0x000000450d600000)]
  0x00000224ff008050 JavaThread "Build operations Thread 10" [_thread_blocked, id=20544, stack(0x000000450d600000,0x000000450d700000)]
  0x00000224ff003460 JavaThread "Build operations Thread 11" [_thread_blocked, id=21944, stack(0x000000450d700000,0x000000450d800000)]
  0x00000224ff006c10 JavaThread "Memory manager" [_thread_blocked, id=23576, stack(0x000000450c900000,0x000000450ca00000)]
  0x00000224ff007120 JavaThread "included builds" [_thread_blocked, id=17020, stack(0x000000450d800000,0x000000450d900000)]
  0x00000224ff004390 JavaThread "Execution worker" [_thread_blocked, id=18900, stack(0x000000450d900000,0x000000450da00000)]
  0x00000224ff007630 JavaThread "Execution worker Thread 2" [_thread_blocked, id=19712, stack(0x000000450da00000,0x000000450db00000)]
  0x00000224ff006700 JavaThread "Execution worker Thread 3" [_thread_blocked, id=12276, stack(0x000000450db00000,0x000000450dc00000)]
  0x00000224ff003e80 JavaThread "Execution worker Thread 4" [_thread_blocked, id=14900, stack(0x000000450dc00000,0x000000450dd00000)]
  0x00000224ff007b40 JavaThread "Execution worker Thread 5" [_thread_blocked, id=14352, stack(0x000000450dd00000,0x000000450de00000)]
  0x00000224ff004db0 JavaThread "Execution worker Thread 6" [_thread_blocked, id=11772, stack(0x000000450de00000,0x000000450df00000)]
  0x00000224ff008560 JavaThread "Execution worker Thread 7" [_thread_blocked, id=22404, stack(0x000000450df00000,0x000000450e000000)]
  0x00000224ff008a70 JavaThread "Execution worker Thread 8" [_thread_blocked, id=1480, stack(0x000000450e000000,0x000000450e100000)]
  0x00000224ff003970 JavaThread "Execution worker Thread 9" [_thread_blocked, id=2764, stack(0x000000450e100000,0x000000450e200000)]
  0x00000224ff008f80 JavaThread "Execution worker Thread 10" [_thread_blocked, id=17192, stack(0x000000450e200000,0x000000450e300000)]
  0x00000224ff0057d0 JavaThread "Execution worker Thread 11" [_thread_blocked, id=15320, stack(0x000000450e300000,0x000000450e400000)]
  0x00000224ff002020 JavaThread "Cache worker for execution history cache (C:\work\AI\ApplicationArchitecture\.gradle\8.13\executionHistory)" [_thread_blocked, id=10952, stack(0x000000450e400000,0x000000450e500000)]
  0x00000224ff0099a0 JavaThread "Unconstrained build operations" [_thread_blocked, id=24052, stack(0x000000450e500000,0x000000450e600000)]
  0x00000224ff002530 JavaThread "Unconstrained build operations Thread 2" [_thread_blocked, id=15892, stack(0x000000450e600000,0x000000450e700000)]
  0x00000224ff002a40 JavaThread "Unconstrained build operations Thread 3" [_thread_blocked, id=7816, stack(0x000000450e700000,0x000000450e800000)]
  0x00000224ff002f50 JavaThread "Unconstrained build operations Thread 4" [_thread_blocked, id=3572, stack(0x000000450e800000,0x000000450e900000)]
  0x00000224ff0048a0 JavaThread "Unconstrained build operations Thread 5" [_thread_blocked, id=14852, stack(0x000000450e900000,0x000000450ea00000)]
  0x00000224ff0052c0 JavaThread "Unconstrained build operations Thread 6" [_thread_blocked, id=22208, stack(0x000000450ea00000,0x000000450eb00000)]
  0x00000224ff005ce0 JavaThread "Unconstrained build operations Thread 7" [_thread_blocked, id=13136, stack(0x000000450eb00000,0x000000450ec00000)]
  0x00000224ff0061f0 JavaThread "Unconstrained build operations Thread 8" [_thread_blocked, id=7640, stack(0x000000450ec00000,0x000000450ed00000)]
  0x00000224d1d239d0 JavaThread "Unconstrained build operations Thread 9" [_thread_blocked, id=6444, stack(0x000000450ed00000,0x000000450ee00000)]
  0x00000224fedfe210 JavaThread "Unconstrained build operations Thread 10" [_thread_blocked, id=19120, stack(0x000000450ee00000,0x000000450ef00000)]
  0x00000224fedfd2e0 JavaThread "Unconstrained build operations Thread 11" [_thread_blocked, id=20456, stack(0x000000450ef00000,0x000000450f000000)]
  0x00000224fedfc8c0 JavaThread "Unconstrained build operations Thread 12" [_thread_blocked, id=13624, stack(0x000000450f000000,0x000000450f100000)]
  0x00000224fedfaf70 JavaThread "Unconstrained build operations Thread 13" [_thread_blocked, id=15048, stack(0x000000450f100000,0x000000450f200000)]
  0x00000224fedfbea0 JavaThread "Unconstrained build operations Thread 14" [_thread_blocked, id=8908, stack(0x000000450f200000,0x000000450f300000)]
  0x00000224fedfcdd0 JavaThread "Unconstrained build operations Thread 15" [_thread_blocked, id=15152, stack(0x000000450f300000,0x000000450f400000)]
  0x00000224fee00a90 JavaThread "Unconstrained build operations Thread 16" [_thread_blocked, id=4948, stack(0x000000450f400000,0x000000450f500000)]
  0x00000224fee00fa0 JavaThread "Unconstrained build operations Thread 18" [_thread_blocked, id=8536, stack(0x000000450f500000,0x000000450f600000)]
  0x00000224fedfd7f0 JavaThread "Unconstrained build operations Thread 17" [_thread_blocked, id=8488, stack(0x000000450f600000,0x000000450f700000)]
  0x00000224fedfdd00 JavaThread "Unconstrained build operations Thread 19" [_thread_blocked, id=10656, stack(0x000000450f700000,0x000000450f800000)]
  0x00000224fedfe720 JavaThread "Unconstrained build operations Thread 21" [_thread_blocked, id=9972, stack(0x000000450f800000,0x000000450f900000)]
  0x00000224fedfec30 JavaThread "Unconstrained build operations Thread 20" [_thread_blocked, id=22156, stack(0x000000450f900000,0x000000450fa00000)]
  0x00000224fedfb480 JavaThread "Unconstrained build operations Thread 22" [_thread_blocked, id=1448, stack(0x000000450fa00000,0x000000450fb00000)]
  0x00000224fedff140 JavaThread "Unconstrained build operations Thread 23" [_thread_blocked, id=12872, stack(0x000000450fb00000,0x000000450fc00000)]
  0x00000224fedff650 JavaThread "Unconstrained build operations Thread 24" [_thread_blocked, id=18632, stack(0x000000450fc00000,0x000000450fd00000)]
  0x00000224fedf9b30 JavaThread "Unconstrained build operations Thread 25" [_thread_blocked, id=11372, stack(0x000000450fd00000,0x000000450fe00000)]
  0x00000224fedfb990 JavaThread "Unconstrained build operations Thread 26" [_thread_blocked, id=8208, stack(0x000000450fe00000,0x000000450ff00000)]
  0x00000224fee00070 JavaThread "Unconstrained build operations Thread 30" [_thread_blocked, id=23172, stack(0x000000450ff00000,0x0000004510000000)]
  0x00000224fedffb60 JavaThread "Unconstrained build operations Thread 31" [_thread_blocked, id=14544, stack(0x0000004510000000,0x0000004510100000)]
  0x00000224fee00580 JavaThread "Unconstrained build operations Thread 32" [_thread_blocked, id=22824, stack(0x0000004510100000,0x0000004510200000)]
  0x00000224fedfc3b0 JavaThread "Unconstrained build operations Thread 33" [_thread_blocked, id=17848, stack(0x0000004510200000,0x0000004510300000)]
  0x00000224fee014b0 JavaThread "Unconstrained build operations Thread 27" [_thread_blocked, id=14356, stack(0x0000004510300000,0x0000004510400000)]
  0x00000224fedfa040 JavaThread "Unconstrained build operations Thread 29" [_thread_blocked, id=21032, stack(0x0000004510400000,0x0000004510500000)]
  0x00000224fedfa550 JavaThread "Unconstrained build operations Thread 28" [_thread_blocked, id=24968, stack(0x0000004510500000,0x0000004510600000)]
  0x00000224fedfaa60 JavaThread "Unconstrained build operations Thread 34" [_thread_blocked, id=19216, stack(0x0000004510600000,0x0000004510700000)]
  0x00000224fd4c6eb0 JavaThread "Unconstrained build operations Thread 35" [_thread_blocked, id=1700, stack(0x0000004510700000,0x0000004510800000)]
  0x00000224fd4c0970 JavaThread "Unconstrained build operations Thread 36" [_thread_blocked, id=14028, stack(0x0000004510800000,0x0000004510900000)]
  0x00000224fd4c4630 JavaThread "Unconstrained build operations Thread 37" [_thread_blocked, id=6184, stack(0x0000004510900000,0x0000004510a00000)]
  0x00000224fd4c1390 JavaThread "Unconstrained build operations Thread 38" [_thread_blocked, id=6408, stack(0x0000004510a00000,0x0000004510b00000)]
  0x00000224fd4c5050 JavaThread "Unconstrained build operations Thread 39" [_thread_blocked, id=13544, stack(0x0000004510b00000,0x0000004510c00000)]
  0x00000224fd4c4120 JavaThread "Unconstrained build operations Thread 41" [_thread_blocked, id=21788, stack(0x0000004510c00000,0x0000004510d00000)]
  0x00000224fd4c0e80 JavaThread "Unconstrained build operations Thread 40" [_thread_blocked, id=17424, stack(0x0000004510d00000,0x0000004510e00000)]
  0x00000224fd4c69a0 JavaThread "Unconstrained build operations Thread 42" [_thread_blocked, id=13856, stack(0x0000004510e00000,0x0000004510f00000)]
  0x00000224fd4c3700 JavaThread "Unconstrained build operations Thread 44" [_thread_blocked, id=15644, stack(0x0000004510f00000,0x0000004511000000)]
  0x00000224fd4c5f80 JavaThread "Unconstrained build operations Thread 43" [_thread_blocked, id=21656, stack(0x0000004511000000,0x0000004511100000)]
  0x00000224fd4c1db0 JavaThread "Unconstrained build operations Thread 45" [_thread_blocked, id=4476, stack(0x0000004511100000,0x0000004511200000)]
  0x00000224fd4c0460 JavaThread "Unconstrained build operations Thread 46" [_thread_blocked, id=24652, stack(0x0000004511200000,0x0000004511300000)]
  0x00000224fd4c5a70 JavaThread "Unconstrained build operations Thread 47" [_thread_blocked, id=10964, stack(0x0000004511300000,0x0000004511400000)]
  0x00000224fd4c6490 JavaThread "Unconstrained build operations Thread 48" [_thread_blocked, id=13724, stack(0x0000004511400000,0x0000004511500000)]
  0x00000224fd4c5560 JavaThread "Unconstrained build operations Thread 49" [_thread_blocked, id=17944, stack(0x0000004511500000,0x0000004511600000)]
  0x00000224fd4c3c10 JavaThread "Unconstrained build operations Thread 50" [_thread_blocked, id=24140, stack(0x0000004511600000,0x0000004511700000)]
  0x00000224fd4c4b40 JavaThread "Unconstrained build operations Thread 51" [_thread_blocked, id=3136, stack(0x0000004511700000,0x0000004511800000)]
  0x00000224fd4c73c0 JavaThread "Unconstrained build operations Thread 52" [_thread_blocked, id=24160, stack(0x0000004511800000,0x0000004511900000)]
  0x00000224fd4c7de0 JavaThread "Unconstrained build operations Thread 53" [_thread_blocked, id=22248, stack(0x0000004511900000,0x0000004511a00000)]
  0x00000224fd4c78d0 JavaThread "Unconstrained build operations Thread 54" [_thread_blocked, id=22852, stack(0x0000004511a00000,0x0000004511b00000)]
  0x00000224fd4c18a0 JavaThread "Unconstrained build operations Thread 55" [_thread_blocked, id=10336, stack(0x0000004511b00000,0x0000004511c00000)]
  0x00000224fd4c22c0 JavaThread "Unconstrained build operations Thread 56" [_thread_blocked, id=16212, stack(0x0000004511c00000,0x0000004511d00000)]
  0x00000224fd4c27d0 JavaThread "Unconstrained build operations Thread 57" [_thread_blocked, id=14192, stack(0x0000004511d00000,0x0000004511e00000)]
  0x00000224fd4c2ce0 JavaThread "Unconstrained build operations Thread 58" [_thread_blocked, id=8104, stack(0x0000004511e00000,0x0000004511f00000)]
  0x00000224fd4c31f0 JavaThread "Unconstrained build operations Thread 59" [_thread_blocked, id=172, stack(0x0000004511f00000,0x0000004512000000)]
  0x00000224d3e88ee0 JavaThread "Unconstrained build operations Thread 60" [_thread_blocked, id=7564, stack(0x0000004512000000,0x0000004512100000)]
  0x00000224d3e8ad40 JavaThread "Unconstrained build operations Thread 61" [_thread_blocked, id=16632, stack(0x0000004512100000,0x0000004512200000)]
  0x00000224d3e86660 JavaThread "Unconstrained build operations Thread 62" [_thread_blocked, id=15132, stack(0x0000004512200000,0x0000004512300000)]
  0x00000224d3e85730 JavaThread "Unconstrained build operations Thread 63" [_thread_blocked, id=22856, stack(0x0000004512300000,0x0000004512400000)]
  0x00000224d3e8cba0 JavaThread "Unconstrained build operations Thread 64" [_thread_blocked, id=13352, stack(0x0000004512400000,0x0000004512500000)]
  0x00000224d3e87fb0 JavaThread "Unconstrained build operations Thread 65" [_thread_blocked, id=18948, stack(0x0000004512500000,0x0000004512600000)]
  0x00000224d3e893f0 JavaThread "Unconstrained build operations Thread 66" [_thread_blocked, id=17112, stack(0x0000004512600000,0x0000004512700000)]
  0x00000224d3e8a830 JavaThread "Unconstrained build operations Thread 67" [_thread_blocked, id=19992, stack(0x0000004512700000,0x0000004512800000)]
  0x00000224d3e8d0b0 JavaThread "Unconstrained build operations Thread 68" [_thread_blocked, id=21400, stack(0x0000004512800000,0x0000004512900000)]
  0x00000224d3e85c40 JavaThread "pool-2-thread-1" [_thread_blocked, id=6244, stack(0x0000004512900000,0x0000004512a00000)]
  0x00000224d3e8c690 JavaThread "Unconstrained build operations Thread 69" [_thread_blocked, id=3844, stack(0x0000004512a00000,0x0000004512b00000)]
  0x00000224d3e8b760 JavaThread "Unconstrained build operations Thread 70" [_thread_blocked, id=5056, stack(0x0000004512b00000,0x0000004512c00000)]
  0x00000224d3e89900 JavaThread "Unconstrained build operations Thread 71" [_thread_blocked, id=22100, stack(0x0000004512c00000,0x0000004512d00000)]
  0x00000224d3e8a320 JavaThread "Unconstrained build operations Thread 72" [_thread_blocked, id=14616, stack(0x0000004512d00000,0x0000004512e00000)]
  0x00000224d3e87080 JavaThread "Unconstrained build operations Thread 73" [_thread_blocked, id=25336, stack(0x0000004512e00000,0x0000004512f00000)]
  0x00000224d3e87590 JavaThread "Unconstrained build operations Thread 74" [_thread_blocked, id=10596, stack(0x0000004512f00000,0x0000004513000000)]
  0x00000224d3e8bc70 JavaThread "Unconstrained build operations Thread 75" [_thread_blocked, id=11184, stack(0x0000004513000000,0x0000004513100000)]
  0x00000224d3e86150 JavaThread "Unconstrained build operations Thread 76" [_thread_blocked, id=23044, stack(0x0000004513100000,0x0000004513200000)]
  0x00000224d3e86b70 JavaThread "Unconstrained build operations Thread 77" [_thread_blocked, id=15100, stack(0x0000004513200000,0x0000004513300000)]
  0x00000224d3e8c180 JavaThread "Unconstrained build operations Thread 78" [_thread_blocked, id=18992, stack(0x0000004513300000,0x0000004513400000)]
  0x00000224d3e87aa0 JavaThread "Unconstrained build operations Thread 79" [_thread_blocked, id=1076, stack(0x0000004513400000,0x0000004513500000)]
  0x00000224d3e884c0 JavaThread "Unconstrained build operations Thread 80" [_thread_blocked, id=24036, stack(0x0000004513500000,0x0000004513600000)]
  0x00000224d3e89e10 JavaThread "Unconstrained build operations Thread 81" [_thread_blocked, id=4332, stack(0x0000004513600000,0x0000004513700000)]
  0x00000224d3e889d0 JavaThread "Unconstrained build operations Thread 82" [_thread_blocked, id=14760, stack(0x0000004513700000,0x0000004513800000)]
  0x00000224d3e8b250 JavaThread "Unconstrained build operations Thread 83" [_thread_blocked, id=2572, stack(0x0000004513800000,0x0000004513900000)]
  0x00000224fe2060c0 JavaThread "Unconstrained build operations Thread 84" [_thread_blocked, id=4264, stack(0x0000004513900000,0x0000004513a00000)]
  0x00000224fe2065d0 JavaThread "Unconstrained build operations Thread 85" [_thread_blocked, id=1312, stack(0x0000004513a00000,0x0000004513b00000)]
  0x00000224fe205190 JavaThread "Unconstrained build operations Thread 86" [_thread_blocked, id=25136, stack(0x0000004513b00000,0x0000004513c00000)]
  0x00000224fe200ab0 JavaThread "Unconstrained build operations Thread 87" [_thread_blocked, id=18640, stack(0x0000004513c00000,0x0000004513d00000)]
  0x00000224fe202910 JavaThread "Unconstrained build operations Thread 88" [_thread_blocked, id=6632, stack(0x0000004513d00000,0x0000004513e00000)]
  0x00000224fe201ef0 JavaThread "Unconstrained build operations Thread 89" [_thread_blocked, id=17064, stack(0x0000004513e00000,0x0000004513f00000)]
  0x00000224fe2056a0 JavaThread "Unconstrained build operations Thread 90" [_thread_blocked, id=13588, stack(0x0000004513f00000,0x0000004514000000)]
  0x00000224fe202400 JavaThread "Unconstrained build operations Thread 91" [_thread_blocked, id=17468, stack(0x0000004514000000,0x0000004514100000)]
  0x00000224fe2014d0 JavaThread "Unconstrained build operations Thread 92" [_thread_blocked, id=23368, stack(0x0000004514100000,0x0000004514200000)]
  0x00000224fe202e20 JavaThread "Unconstrained build operations Thread 93" [_thread_blocked, id=21148, stack(0x0000004514200000,0x0000004514300000)]
  0x00000224fe205bb0 JavaThread "Unconstrained build operations Thread 94" [_thread_blocked, id=21524, stack(0x0000004514300000,0x0000004514400000)]
  0x00000224fe2019e0 JavaThread "Unconstrained build operations Thread 95" [_thread_blocked, id=19320, stack(0x0000004514400000,0x0000004514500000)]
  0x00000224fe203840 JavaThread "Unconstrained build operations Thread 96" [_thread_blocked, id=1952, stack(0x0000004514500000,0x0000004514600000)]
  0x00000224fe206ae0 JavaThread "Unconstrained build operations Thread 97" [_thread_blocked, id=2932, stack(0x0000004514600000,0x0000004514700000)]
  0x00000224fe1ff670 JavaThread "Unconstrained build operations Thread 98" [_thread_blocked, id=14664, stack(0x0000004514700000,0x0000004514800000)]
  0x00000224fe200fc0 JavaThread "Unconstrained build operations Thread 99" [_thread_blocked, id=13976, stack(0x0000004514800000,0x0000004514900000)]
  0x00000224fe206ff0 JavaThread "Unconstrained build operations Thread 100" [_thread_blocked, id=21704, stack(0x0000004514900000,0x0000004514a00000)]
  0x00000224fe204770 JavaThread "Unconstrained build operations Thread 101" [_thread_blocked, id=20408, stack(0x0000004514a00000,0x0000004514b00000)]
  0x00000224fe1ffb80 JavaThread "Unconstrained build operations Thread 102" [_thread_blocked, id=7548, stack(0x0000004514b00000,0x0000004514c00000)]
  0x00000224fe203330 JavaThread "Unconstrained build operations Thread 103" [_thread_blocked, id=6740, stack(0x0000004514c00000,0x0000004514d00000)]
  0x00000224fe203d50 JavaThread "Unconstrained build operations Thread 104" [_thread_blocked, id=24168, stack(0x0000004514d00000,0x0000004514e00000)]
  0x00000224fe204260 JavaThread "Unconstrained build operations Thread 105" [_thread_blocked, id=15444, stack(0x0000004514e00000,0x0000004514f00000)]
  0x00000224fe204c80 JavaThread "Unconstrained build operations Thread 106" [_thread_blocked, id=24988, stack(0x0000004514f00000,0x0000004515000000)]
  0x00000224fe200090 JavaThread "Unconstrained build operations Thread 107" [_thread_blocked, id=18972, stack(0x0000004515000000,0x0000004515100000)]
  0x00000224fe2005a0 JavaThread "Unconstrained build operations Thread 108" [_thread_blocked, id=3124, stack(0x0000004515100000,0x0000004515200000)]
  0x00000224fd1d0b00 JavaThread "Unconstrained build operations Thread 109" [_thread_blocked, id=12616, stack(0x0000004515200000,0x0000004515300000)]
  0x00000224fd1d00e0 JavaThread "Unconstrained build operations Thread 110" [_thread_blocked, id=11728, stack(0x0000004515300000,0x0000004515400000)]
  0x00000224fd1d05f0 JavaThread "Unconstrained build operations Thread 111" [_thread_blocked, id=15420, stack(0x0000004515400000,0x0000004515500000)]
  0x00000224fd1ce790 JavaThread "Unconstrained build operations Thread 112" [_thread_blocked, id=12952, stack(0x0000004515500000,0x0000004515600000)]
  0x00000224fd1cc930 JavaThread "Unconstrained build operations Thread 114" [_thread_blocked, id=23220, stack(0x0000004515600000,0x0000004515700000)]
  0x00000224fd1ceca0 JavaThread "Unconstrained build operations Thread 115" [_thread_blocked, id=19064, stack(0x0000004515700000,0x0000004515800000)]
  0x00000224fd1d3890 JavaThread "Unconstrained build operations Thread 113" [_thread_blocked, id=16184, stack(0x0000004515800000,0x0000004515900000)]
  0x00000224fd1cd350 JavaThread "Unconstrained build operations Thread 116" [_thread_blocked, id=8552, stack(0x0000004515900000,0x0000004515a00000)]
  0x00000224fd1d3380 JavaThread "Unconstrained build operations Thread 117" [_thread_blocked, id=11880, stack(0x0000004515a00000,0x0000004515b00000)]
  0x00000224fd1d3da0 JavaThread "Unconstrained build operations Thread 118" [_thread_blocked, id=23336, stack(0x0000004515b00000,0x0000004515c00000)]
  0x00000224fd1d42b0 JavaThread "Unconstrained build operations Thread 120" [_thread_blocked, id=18880, stack(0x0000004515c00000,0x0000004515d00000)]
  0x00000224fd1d2960 JavaThread "Unconstrained build operations Thread 119" [_thread_blocked, id=19528, stack(0x0000004515d00000,0x0000004515e00000)]
  0x00000224fd1cfbd0 JavaThread "WorkerExecutor Queue" [_thread_in_Java, id=6616, stack(0x0000004515e00000,0x0000004515f00000)]
  0x00000224fd1d1520 JavaThread "RMI Scheduler(0)" daemon [_thread_blocked, id=8936, stack(0x0000004515f00000,0x0000004516000000)]
  0x00000224fd1d1a30 JavaThread "RMI GC Daemon" daemon [_thread_blocked, id=13668, stack(0x0000004516100000,0x0000004516200000)]
  0x00000224d1d25830 JavaThread "RMI TCP Accept-0" daemon [_thread_in_native, id=25260, stack(0x0000004516200000,0x0000004516300000)]
  0x00000224ff009490 JavaThread "RMI Reaper" [_thread_blocked, id=12068, stack(0x0000004516300000,0x0000004516400000)]
  0x00000224d50b00c0 JavaThread "RMI TCP Connection(1)-127.0.0.1" daemon [_thread_in_native, id=14248, stack(0x0000004516400000,0x0000004516500000)]
  0x00000224d567bef0 JavaThread "C2 CompilerThread1" daemon [_thread_in_native, id=11432, stack(0x000000450a500000,0x000000450a600000)]
  0x00000224d50ae260 JavaThread "WorkerExecutor Queue Thread 2" [_thread_blocked, id=5572, stack(0x0000004516500000,0x0000004516600000)]
  0x00000224d50a9b80 JavaThread "WorkerExecutor Queue Thread 3" [_thread_blocked, id=11628, stack(0x0000004516600000,0x0000004516700000)]
  0x00000224d50ab9e0 JavaThread "WorkerExecutor Queue Thread 4" [_thread_blocked, id=16684, stack(0x0000004516700000,0x0000004516800000)]
  0x00000224d50aec80 JavaThread "WorkerExecutor Queue Thread 5" [_thread_blocked, id=2464, stack(0x0000004516800000,0x0000004516900000)]
  0x00000224d50aa090 JavaThread "WorkerExecutor Queue Thread 6" [_thread_blocked, id=25500, stack(0x0000004516000000,0x0000004516100000)]
  0x00000224d50b0ae0 JavaThread "RMI TCP Connection(2)-127.0.0.1" daemon [_thread_in_native, id=23452, stack(0x0000004516a00000,0x0000004516b00000)]
  0x00000224d50aa5a0 JavaThread "Cache worker for Java compile cache (C:\Users\Administrator\.gradle\caches\8.13\javaCompile)" [_thread_blocked, id=6280, stack(0x0000004516b00000,0x0000004516c00000)]
  0x00000224d50a9670 JavaThread "Build operations Thread 12" [_thread_blocked, id=22864, stack(0x0000004516c00000,0x0000004516d00000)]
  0x00000224db4f3de0 JavaThread "Periodic tasks thread" daemon [_thread_blocked, id=2688, stack(0x0000004516900000,0x0000004516a00000)]
  0x00000224db4f29a0 JavaThread "ApplicationImpl pooled thread 1" daemon [_thread_blocked, id=17340, stack(0x0000004516d00000,0x0000004516e00000)]
  0x00000224db8794b0 JavaThread "ForkJoinPool.commonPool-worker-1" daemon [_thread_blocked, id=10776, stack(0x0000004516e00000,0x0000004516f00000)]
  0x00000224d3fd2f50 JavaThread "Java2D Disposer" daemon [_thread_blocked, id=22520, stack(0x0000004516f00000,0x0000004517000000)]
  0x00000224d3fd3e80 JavaThread "AWT-Windows" daemon [_thread_in_native, id=19440, stack(0x0000004517100000,0x0000004517200000)]
  0x00000224d4f2bd40 JavaThread "ForkJoinPool.commonPool-worker-2" daemon [_thread_blocked, id=25040, stack(0x000000450a600000,0x000000450a700000)]
=>0x00000224e3ca3fc0 JavaThread "C2 CompilerThread2" daemon [_thread_in_native, id=10908, stack(0x0000004517000000,0x0000004517100000)]
  0x00000224dbf6b220 JavaThread "ForkJoinPool.commonPool-worker-3" daemon [_thread_blocked, id=20136, stack(0x0000004517200000,0x0000004517300000)]
  0x00000224dbf6b730 JavaThread "WorkerExecutor Queue Thread 7" [_thread_blocked, id=23272, stack(0x0000004517300000,0x0000004517400000)]
  0x00000224dbf6a2f0 JavaThread "RMI TCP Connection(3)-127.0.0.1" daemon [_thread_in_native, id=22320, stack(0x0000004517500000,0x0000004517600000)]
  0x00000224db4f2490 JavaThread "WorkerExecutor Queue Thread 8" [_thread_blocked, id=22772, stack(0x0000004517400000,0x0000004517500000)]

Other Threads:
  0x00000224f85e8990 VMThread "VM Thread" [stack: 0x0000004509800000,0x0000004509900000] [id=6584]
  0x00000224eb58d890 WatcherThread [stack: 0x000000450a400000,0x000000450a500000] [id=2184]
  0x00000224eb5703a0 GCTaskThread "GC Thread#0" [stack: 0x0000004509300000,0x0000004509400000] [id=15064]
  0x00000224fd3c5ff0 GCTaskThread "GC Thread#1" [stack: 0x000000450a700000,0x000000450a800000] [id=23720]
  0x00000224fd6a08a0 GCTaskThread "GC Thread#2" [stack: 0x000000450a800000,0x000000450a900000] [id=7924]
  0x00000224fd6a0b60 GCTaskThread "GC Thread#3" [stack: 0x000000450a900000,0x000000450aa00000] [id=9876]
  0x00000224fd85a340 GCTaskThread "GC Thread#4" [stack: 0x000000450aa00000,0x000000450ab00000] [id=19556]
  0x00000224fd85a600 GCTaskThread "GC Thread#5" [stack: 0x000000450ab00000,0x000000450ac00000] [id=13664]
  0x00000224fd6c49d0 GCTaskThread "GC Thread#6" [stack: 0x000000450ac00000,0x000000450ad00000] [id=17736]
  0x00000224fd6c4c90 GCTaskThread "GC Thread#7" [stack: 0x000000450ad00000,0x000000450ae00000] [id=25180]
  0x00000224fd85a8c0 GCTaskThread "GC Thread#8" [stack: 0x000000450ae00000,0x000000450af00000] [id=20632]
  0x00000224fd513dd0 GCTaskThread "GC Thread#9" [stack: 0x000000450af00000,0x000000450b000000] [id=19052]
  0x00000224eb579200 ConcurrentGCThread "G1 Main Marker" [stack: 0x0000004509400000,0x0000004509500000] [id=10920]
  0x00000224eb57ab30 ConcurrentGCThread "G1 Conc#0" [stack: 0x0000004509500000,0x0000004509600000] [id=18108]
  0x00000224d212b510 ConcurrentGCThread "G1 Conc#1" [stack: 0x000000450bf00000,0x000000450c000000] [id=22368]
  0x00000224d212b250 ConcurrentGCThread "G1 Conc#2" [stack: 0x000000450c000000,0x000000450c100000] [id=9468]
  0x00000224eb60ebf0 ConcurrentGCThread "G1 Refine#0" [stack: 0x0000004509600000,0x0000004509700000] [id=748]
  0x00000224d06ba4d0 ConcurrentGCThread "G1 Refine#1" [stack: 0x000000450c300000,0x000000450c400000] [id=4500]
  0x00000224d06bbc50 ConcurrentGCThread "G1 Refine#2" [stack: 0x000000450c400000,0x000000450c500000] [id=17396]
  0x00000224d06bada0 ConcurrentGCThread "G1 Refine#3" [stack: 0x000000450c500000,0x000000450c600000] [id=10132]
  0x00000224d06bb090 ConcurrentGCThread "G1 Refine#4" [stack: 0x000000450c600000,0x000000450c700000] [id=16352]
  0x00000224f85310d0 ConcurrentGCThread "G1 Service" [stack: 0x0000004509700000,0x0000004509800000] [id=9332]

Threads with active compile tasks:
C2 CompilerThread0    21862 23171       4       ksp.org.jetbrains.kotlin.parsing.KotlinExpressionParsing::parseBinaryExpression (70 bytes)
C2 CompilerThread1    21862 23186       4       ksp.org.jetbrains.kotlin.parsing.AbstractKotlinParsing::atSet (113 bytes)
C2 CompilerThread2    21862 23256       4       ksp.org.jetbrains.kotlin.parsing.KotlinExpressionParsing$Precedence::parseHigherPrecedence (30 bytes)

VM state: not at safepoint (normal execution)

VM Mutex/Monitor currently owned by a thread: None

Heap address: 0x00000000c0000000, size: 1024 MB, Compressed Oops mode: 32-bit

CDS archive(s) mapped at: [0x000002248f000000-0x000002248fbd0000-0x000002248fbd0000), size 12386304, SharedBaseAddress: 0x000002248f000000, ArchiveRelocationMode: 1.
Compressed class space mapped at: 0x0000022490000000-0x00000224d0000000, reserved size: 1073741824
Narrow klass base: 0x000002248f000000, Narrow klass shift: 0, Narrow klass range: 0x100000000

GC Precious Log:
 CPUs: 12 total, 12 available
 Memory: 32375M
 Large Page Support: Disabled
 NUMA Support: Disabled
 Compressed Oops: Enabled (32-bit)
 Heap Region Size: 1M
 Heap Min Capacity: 8M
 Heap Initial Capacity: 506M
 Heap Max Capacity: 1G
 Pre-touch: Disabled
 Parallel Workers: 10
 Concurrent Workers: 3
 Concurrent Refinement Workers: 10
 Periodic GC: Disabled

Heap:
 garbage-first heap   total 357376K, used 243884K [0x00000000c0000000, 0x0000000100000000)
  region size 1024K, 51 young (52224K), 3 survivors (3072K)
 Metaspace       used 161523K, committed 162880K, reserved 1245184K
  class space    used 21208K, committed 21888K, reserved 1048576K

Heap Regions: E=young(eden), S=young(survivor), O=old, HS=humongous(starts), HC=humongous(continues), CS=collection set, F=free, OA=open archive, CA=closed archive, TAMS=top-at-mark-start (previous, next)
|   0|0x00000000c0000000, 0x00000000c0100000, 0x00000000c0100000|100%|HS|  |TAMS 0x00000000c0100000, 0x00000000c0000000| Complete 
|   1|0x00000000c0100000, 0x00000000c0200000, 0x00000000c0200000|100%|HC|  |TAMS 0x00000000c0200000, 0x00000000c0100000| Complete 
|   2|0x00000000c0200000, 0x00000000c0300000, 0x00000000c0300000|100%|HC|  |TAMS 0x00000000c0300000, 0x00000000c0200000| Complete 
|   3|0x00000000c0300000, 0x00000000c0400000, 0x00000000c0400000|100%| O|  |TAMS 0x00000000c0400000, 0x00000000c0300000| Untracked 
|   4|0x00000000c0400000, 0x00000000c0500000, 0x00000000c0500000|100%| O|  |TAMS 0x00000000c0500000, 0x00000000c0400000| Untracked 
|   5|0x00000000c0500000, 0x00000000c0600000, 0x00000000c0600000|100%| O|  |TAMS 0x00000000c0600000, 0x00000000c0500000| Untracked 
|   6|0x00000000c0600000, 0x00000000c0700000, 0x00000000c0700000|100%| O|  |TAMS 0x00000000c0700000, 0x00000000c0600000| Untracked 
|   7|0x00000000c0700000, 0x00000000c0800000, 0x00000000c0800000|100%|HS|  |TAMS 0x00000000c0800000, 0x00000000c0700000| Complete 
|   8|0x00000000c0800000, 0x00000000c0900000, 0x00000000c0900000|100%|HS|  |TAMS 0x00000000c0900000, 0x00000000c0800000| Complete 
|   9|0x00000000c0900000, 0x00000000c0a00000, 0x00000000c0a00000|100%| O|  |TAMS 0x00000000c0a00000, 0x00000000c0900000| Untracked 
|  10|0x00000000c0a00000, 0x00000000c0b00000, 0x00000000c0b00000|100%| O|  |TAMS 0x00000000c0b00000, 0x00000000c0a00000| Untracked 
|  11|0x00000000c0b00000, 0x00000000c0c00000, 0x00000000c0c00000|100%| O|  |TAMS 0x00000000c0c00000, 0x00000000c0b00000| Untracked 
|  12|0x00000000c0c00000, 0x00000000c0d00000, 0x00000000c0d00000|100%| O|  |TAMS 0x00000000c0d00000, 0x00000000c0c00000| Untracked 
|  13|0x00000000c0d00000, 0x00000000c0e00000, 0x00000000c0e00000|100%| O|  |TAMS 0x00000000c0e00000, 0x00000000c0d00000| Untracked 
|  14|0x00000000c0e00000, 0x00000000c0f00000, 0x00000000c0f00000|100%|HS|  |TAMS 0x00000000c0f00000, 0x00000000c0e00000| Complete 
|  15|0x00000000c0f00000, 0x00000000c1000000, 0x00000000c1000000|100%| O|  |TAMS 0x00000000c1000000, 0x00000000c0f00000| Untracked 
|  16|0x00000000c1000000, 0x00000000c1100000, 0x00000000c1100000|100%| O|  |TAMS 0x00000000c1100000, 0x00000000c1000000| Untracked 
|  17|0x00000000c1100000, 0x00000000c1200000, 0x00000000c1200000|100%| O|  |TAMS 0x00000000c1200000, 0x00000000c1100000| Untracked 
|  18|0x00000000c1200000, 0x00000000c1300000, 0x00000000c1300000|100%| O|  |TAMS 0x00000000c1300000, 0x00000000c1200000| Untracked 
|  19|0x00000000c1300000, 0x00000000c1400000, 0x00000000c1400000|100%| O|  |TAMS 0x00000000c1400000, 0x00000000c1300000| Untracked 
|  20|0x00000000c1400000, 0x00000000c1500000, 0x00000000c1500000|100%| O|  |TAMS 0x00000000c1500000, 0x00000000c1400000| Untracked 
|  21|0x00000000c1500000, 0x00000000c1600000, 0x00000000c1600000|100%| O|  |TAMS 0x00000000c1600000, 0x00000000c1500000| Untracked 
|  22|0x00000000c1600000, 0x00000000c1700000, 0x00000000c1700000|100%| O|  |TAMS 0x00000000c1700000, 0x00000000c1600000| Untracked 
|  23|0x00000000c1700000, 0x00000000c1800000, 0x00000000c1800000|100%| O|  |TAMS 0x00000000c1800000, 0x00000000c1700000| Untracked 
|  24|0x00000000c1800000, 0x00000000c1900000, 0x00000000c1900000|100%| O|  |TAMS 0x00000000c1900000, 0x00000000c1800000| Untracked 
|  25|0x00000000c1900000, 0x00000000c1a00000, 0x00000000c1a00000|100%| O|  |TAMS 0x00000000c1a00000, 0x00000000c1900000| Untracked 
|  26|0x00000000c1a00000, 0x00000000c1b00000, 0x00000000c1b00000|100%|HS|  |TAMS 0x00000000c1b00000, 0x00000000c1a00000| Complete 
|  27|0x00000000c1b00000, 0x00000000c1c00000, 0x00000000c1c00000|100%|HC|  |TAMS 0x00000000c1c00000, 0x00000000c1b00000| Complete 
|  28|0x00000000c1c00000, 0x00000000c1d00000, 0x00000000c1d00000|100%|HC|  |TAMS 0x00000000c1d00000, 0x00000000c1c00000| Complete 
|  29|0x00000000c1d00000, 0x00000000c1e00000, 0x00000000c1e00000|100%|HS|  |TAMS 0x00000000c1e00000, 0x00000000c1d00000| Complete 
|  30|0x00000000c1e00000, 0x00000000c1f00000, 0x00000000c1f00000|100%|HS|  |TAMS 0x00000000c1f00000, 0x00000000c1e00000| Complete 
|  31|0x00000000c1f00000, 0x00000000c2000000, 0x00000000c2000000|100%| O|  |TAMS 0x00000000c2000000, 0x00000000c1f00000| Untracked 
|  32|0x00000000c2000000, 0x00000000c2100000, 0x00000000c2100000|100%|HS|  |TAMS 0x00000000c2100000, 0x00000000c2000000| Complete 
|  33|0x00000000c2100000, 0x00000000c2200000, 0x00000000c2200000|100%|HC|  |TAMS 0x00000000c2200000, 0x00000000c2100000| Complete 
|  34|0x00000000c2200000, 0x00000000c2300000, 0x00000000c2300000|100%|HC|  |TAMS 0x00000000c2300000, 0x00000000c2200000| Complete 
|  35|0x00000000c2300000, 0x00000000c2400000, 0x00000000c2400000|100%| O|  |TAMS 0x00000000c2400000, 0x00000000c2300000| Untracked 
|  36|0x00000000c2400000, 0x00000000c2500000, 0x00000000c2500000|100%| O|  |TAMS 0x00000000c2500000, 0x00000000c2400000| Untracked 
|  37|0x00000000c2500000, 0x00000000c2600000, 0x00000000c2600000|100%| O|  |TAMS 0x00000000c2600000, 0x00000000c2500000| Untracked 
|  38|0x00000000c2600000, 0x00000000c2700000, 0x00000000c2700000|100%| O|  |TAMS 0x00000000c2700000, 0x00000000c2600000| Untracked 
|  39|0x00000000c2700000, 0x00000000c2800000, 0x00000000c2800000|100%| O|  |TAMS 0x00000000c2800000, 0x00000000c2700000| Untracked 
|  40|0x00000000c2800000, 0x00000000c2900000, 0x00000000c2900000|100%| O|  |TAMS 0x00000000c2900000, 0x00000000c2800000| Untracked 
|  41|0x00000000c2900000, 0x00000000c2a00000, 0x00000000c2a00000|100%| O|  |TAMS 0x00000000c2a00000, 0x00000000c2900000| Untracked 
|  42|0x00000000c2a00000, 0x00000000c2b00000, 0x00000000c2b00000|100%| O|  |TAMS 0x00000000c2b00000, 0x00000000c2a00000| Untracked 
|  43|0x00000000c2b00000, 0x00000000c2c00000, 0x00000000c2c00000|100%| O|  |TAMS 0x00000000c2c00000, 0x00000000c2b00000| Untracked 
|  44|0x00000000c2c00000, 0x00000000c2d00000, 0x00000000c2d00000|100%| O|  |TAMS 0x00000000c2d00000, 0x00000000c2c00000| Untracked 
|  45|0x00000000c2d00000, 0x00000000c2e00000, 0x00000000c2e00000|100%| O|  |TAMS 0x00000000c2e00000, 0x00000000c2d00000| Untracked 
|  46|0x00000000c2e00000, 0x00000000c2f00000, 0x00000000c2f00000|100%|HS|  |TAMS 0x00000000c2f00000, 0x00000000c2e00000| Complete 
|  47|0x00000000c2f00000, 0x00000000c3000000, 0x00000000c3000000|100%| O|  |TAMS 0x00000000c3000000, 0x00000000c2f00000| Untracked 
|  48|0x00000000c3000000, 0x00000000c3100000, 0x00000000c3100000|100%|HS|  |TAMS 0x00000000c3100000, 0x00000000c3000000| Complete 
|  49|0x00000000c3100000, 0x00000000c3200000, 0x00000000c3200000|100%| O|  |TAMS 0x00000000c3200000, 0x00000000c3100000| Untracked 
|  50|0x00000000c3200000, 0x00000000c3300000, 0x00000000c3300000|100%| O|  |TAMS 0x00000000c3300000, 0x00000000c3200000| Untracked 
|  51|0x00000000c3300000, 0x00000000c3400000, 0x00000000c3400000|100%| O|  |TAMS 0x00000000c3400000, 0x00000000c3300000| Untracked 
|  52|0x00000000c3400000, 0x00000000c3500000, 0x00000000c3500000|100%| O|  |TAMS 0x00000000c3500000, 0x00000000c3400000| Complete 
|  53|0x00000000c3500000, 0x00000000c3600000, 0x00000000c3600000|100%| O|  |TAMS 0x00000000c3600000, 0x00000000c3500000| Untracked 
|  54|0x00000000c3600000, 0x00000000c3700000, 0x00000000c3700000|100%| O|  |TAMS 0x00000000c3700000, 0x00000000c3600000| Untracked 
|  55|0x00000000c3700000, 0x00000000c3800000, 0x00000000c3800000|100%| O|  |TAMS 0x00000000c3800000, 0x00000000c3700000| Untracked 
|  56|0x00000000c3800000, 0x00000000c3900000, 0x00000000c3900000|100%| O|  |TAMS 0x00000000c3900000, 0x00000000c3800000| Untracked 
|  57|0x00000000c3900000, 0x00000000c3a00000, 0x00000000c3a00000|100%| O|  |TAMS 0x00000000c3a00000, 0x00000000c3900000| Untracked 
|  58|0x00000000c3a00000, 0x00000000c3b00000, 0x00000000c3b00000|100%| O|  |TAMS 0x00000000c3b00000, 0x00000000c3a00000| Untracked 
|  59|0x00000000c3b00000, 0x00000000c3c00000, 0x00000000c3c00000|100%| O|  |TAMS 0x00000000c3c00000, 0x00000000c3b00000| Untracked 
|  60|0x00000000c3c00000, 0x00000000c3d00000, 0x00000000c3d00000|100%| O|  |TAMS 0x00000000c3d00000, 0x00000000c3c00000| Untracked 
|  61|0x00000000c3d00000, 0x00000000c3e00000, 0x00000000c3e00000|100%| O|  |TAMS 0x00000000c3e00000, 0x00000000c3d00000| Untracked 
|  62|0x00000000c3e00000, 0x00000000c3f00000, 0x00000000c3f00000|100%| O|  |TAMS 0x00000000c3f00000, 0x00000000c3e00000| Untracked 
|  63|0x00000000c3f00000, 0x00000000c4000000, 0x00000000c4000000|100%| O|  |TAMS 0x00000000c4000000, 0x00000000c3f00000| Untracked 
|  64|0x00000000c4000000, 0x00000000c4100000, 0x00000000c4100000|100%| O|  |TAMS 0x00000000c4100000, 0x00000000c4000000| Untracked 
|  65|0x00000000c4100000, 0x00000000c4200000, 0x00000000c4200000|100%| O|  |TAMS 0x00000000c4200000, 0x00000000c4100000| Untracked 
|  66|0x00000000c4200000, 0x00000000c4300000, 0x00000000c4300000|100%| O|  |TAMS 0x00000000c4300000, 0x00000000c4200000| Untracked 
|  67|0x00000000c4300000, 0x00000000c4400000, 0x00000000c4400000|100%| O|  |TAMS 0x00000000c4400000, 0x00000000c4300000| Untracked 
|  68|0x00000000c4400000, 0x00000000c4500000, 0x00000000c4500000|100%| O|  |TAMS 0x00000000c4500000, 0x00000000c4400000| Untracked 
|  69|0x00000000c4500000, 0x00000000c4600000, 0x00000000c4600000|100%| O|  |TAMS 0x00000000c4600000, 0x00000000c4500000| Untracked 
|  70|0x00000000c4600000, 0x00000000c4700000, 0x00000000c4700000|100%| O|  |TAMS 0x00000000c4700000, 0x00000000c4600000| Untracked 
|  71|0x00000000c4700000, 0x00000000c4800000, 0x00000000c4800000|100%| O|  |TAMS 0x00000000c4800000, 0x00000000c4700000| Untracked 
|  72|0x00000000c4800000, 0x00000000c4900000, 0x00000000c4900000|100%| O|  |TAMS 0x00000000c4900000, 0x00000000c4800000| Untracked 
|  73|0x00000000c4900000, 0x00000000c4a00000, 0x00000000c4a00000|100%|HS|  |TAMS 0x00000000c4a00000, 0x00000000c4900000| Complete 
|  74|0x00000000c4a00000, 0x00000000c4b00000, 0x00000000c4b00000|100%| O|  |TAMS 0x00000000c4b00000, 0x00000000c4a00000| Untracked 
|  75|0x00000000c4b00000, 0x00000000c4c00000, 0x00000000c4c00000|100%| O|  |TAMS 0x00000000c4c00000, 0x00000000c4b00000| Untracked 
|  76|0x00000000c4c00000, 0x00000000c4d00000, 0x00000000c4d00000|100%| O|  |TAMS 0x00000000c4d00000, 0x00000000c4c00000| Untracked 
|  77|0x00000000c4d00000, 0x00000000c4e00000, 0x00000000c4e00000|100%| O|  |TAMS 0x00000000c4e00000, 0x00000000c4d00000| Untracked 
|  78|0x00000000c4e00000, 0x00000000c4f00000, 0x00000000c4f00000|100%| O|  |TAMS 0x00000000c4f00000, 0x00000000c4e00000| Untracked 
|  79|0x00000000c4f00000, 0x00000000c5000000, 0x00000000c5000000|100%| O|  |TAMS 0x00000000c5000000, 0x00000000c4f00000| Untracked 
|  80|0x00000000c5000000, 0x00000000c5100000, 0x00000000c5100000|100%| O|  |TAMS 0x00000000c5000000, 0x00000000c5000000| Untracked 
|  81|0x00000000c5100000, 0x00000000c5200000, 0x00000000c5200000|100%| O|  |TAMS 0x00000000c5100000, 0x00000000c5100000| Untracked 
|  82|0x00000000c5200000, 0x00000000c5300000, 0x00000000c5300000|100%| O|  |TAMS 0x00000000c5300000, 0x00000000c5200000| Untracked 
|  83|0x00000000c5300000, 0x00000000c5400000, 0x00000000c5400000|100%| O|  |TAMS 0x00000000c5400000, 0x00000000c5300000| Untracked 
|  84|0x00000000c5400000, 0x00000000c5500000, 0x00000000c5500000|100%| O|  |TAMS 0x00000000c5500000, 0x00000000c5400000| Untracked 
|  85|0x00000000c5500000, 0x00000000c5600000, 0x00000000c5600000|100%| O|  |TAMS 0x00000000c5600000, 0x00000000c5500000| Untracked 
|  86|0x00000000c5600000, 0x00000000c5700000, 0x00000000c5700000|100%| O|  |TAMS 0x00000000c5700000, 0x00000000c5600000| Untracked 
|  87|0x00000000c5700000, 0x00000000c5800000, 0x00000000c5800000|100%| O|  |TAMS 0x00000000c5800000, 0x00000000c5700000| Untracked 
|  88|0x00000000c5800000, 0x00000000c5900000, 0x00000000c5900000|100%| O|  |TAMS 0x00000000c5900000, 0x00000000c5800000| Untracked 
|  89|0x00000000c5900000, 0x00000000c5a00000, 0x00000000c5a00000|100%| O|  |TAMS 0x00000000c5a00000, 0x00000000c5900000| Untracked 
|  90|0x00000000c5a00000, 0x00000000c5b00000, 0x00000000c5b00000|100%| O|  |TAMS 0x00000000c5b00000, 0x00000000c5a00000| Untracked 
|  91|0x00000000c5b00000, 0x00000000c5c00000, 0x00000000c5c00000|100%| O|  |TAMS 0x00000000c5c00000, 0x00000000c5b00000| Untracked 
|  92|0x00000000c5c00000, 0x00000000c5d00000, 0x00000000c5d00000|100%| O|  |TAMS 0x00000000c5d00000, 0x00000000c5c00000| Untracked 
|  93|0x00000000c5d00000, 0x00000000c5e00000, 0x00000000c5e00000|100%| O|  |TAMS 0x00000000c5e00000, 0x00000000c5d00000| Untracked 
|  94|0x00000000c5e00000, 0x00000000c5f00000, 0x00000000c5f00000|100%| O|  |TAMS 0x00000000c5f00000, 0x00000000c5e00000| Untracked 
|  95|0x00000000c5f00000, 0x00000000c6000000, 0x00000000c6000000|100%| O|  |TAMS 0x00000000c6000000, 0x00000000c5f00000| Untracked 
|  96|0x00000000c6000000, 0x00000000c6100000, 0x00000000c6100000|100%| O|  |TAMS 0x00000000c6100000, 0x00000000c6000000| Untracked 
|  97|0x00000000c6100000, 0x00000000c6200000, 0x00000000c6200000|100%| O|  |TAMS 0x00000000c6200000, 0x00000000c6100000| Untracked 
|  98|0x00000000c6200000, 0x00000000c6300000, 0x00000000c6300000|100%| O|  |TAMS 0x00000000c6300000, 0x00000000c6200000| Untracked 
|  99|0x00000000c6300000, 0x00000000c6400000, 0x00000000c6400000|100%| O|  |TAMS 0x00000000c6400000, 0x00000000c6300000| Untracked 
| 100|0x00000000c6400000, 0x00000000c6500000, 0x00000000c6500000|100%| O|  |TAMS 0x00000000c6500000, 0x00000000c6400000| Untracked 
| 101|0x00000000c6500000, 0x00000000c6600000, 0x00000000c6600000|100%| O|  |TAMS 0x00000000c6600000, 0x00000000c6500000| Untracked 
| 102|0x00000000c6600000, 0x00000000c6700000, 0x00000000c6700000|100%|HS|  |TAMS 0x00000000c6700000, 0x00000000c6600000| Complete 
| 103|0x00000000c6700000, 0x00000000c6800000, 0x00000000c6800000|100%|HC|  |TAMS 0x00000000c6800000, 0x00000000c6700000| Complete 
| 104|0x00000000c6800000, 0x00000000c6900000, 0x00000000c6900000|100%|HC|  |TAMS 0x00000000c6900000, 0x00000000c6800000| Complete 
| 105|0x00000000c6900000, 0x00000000c6a00000, 0x00000000c6a00000|100%| O|  |TAMS 0x00000000c6a00000, 0x00000000c6900000| Untracked 
| 106|0x00000000c6a00000, 0x00000000c6b00000, 0x00000000c6b00000|100%| O|  |TAMS 0x00000000c6b00000, 0x00000000c6a00000| Untracked 
| 107|0x00000000c6b00000, 0x00000000c6c00000, 0x00000000c6c00000|100%|HS|  |TAMS 0x00000000c6c00000, 0x00000000c6b00000| Complete 
| 108|0x00000000c6c00000, 0x00000000c6d00000, 0x00000000c6d00000|100%|HC|  |TAMS 0x00000000c6d00000, 0x00000000c6c00000| Complete 
| 109|0x00000000c6d00000, 0x00000000c6e00000, 0x00000000c6e00000|100%|HC|  |TAMS 0x00000000c6e00000, 0x00000000c6d00000| Complete 
| 110|0x00000000c6e00000, 0x00000000c6f00000, 0x00000000c6f00000|100%|HC|  |TAMS 0x00000000c6f00000, 0x00000000c6e00000| Complete 
| 111|0x00000000c6f00000, 0x00000000c7000000, 0x00000000c7000000|100%| O|  |TAMS 0x00000000c7000000, 0x00000000c6f00000| Untracked 
| 112|0x00000000c7000000, 0x00000000c7100000, 0x00000000c7100000|100%| O|  |TAMS 0x00000000c7100000, 0x00000000c7000000| Untracked 
| 113|0x00000000c7100000, 0x00000000c7200000, 0x00000000c7200000|100%| O|  |TAMS 0x00000000c7200000, 0x00000000c7100000| Untracked 
| 114|0x00000000c7200000, 0x00000000c7300000, 0x00000000c7300000|100%| O|  |TAMS 0x00000000c7300000, 0x00000000c7200000| Untracked 
| 115|0x00000000c7300000, 0x00000000c7400000, 0x00000000c7400000|100%| O|  |TAMS 0x00000000c7400000, 0x00000000c7300000| Untracked 
| 116|0x00000000c7400000, 0x00000000c7500000, 0x00000000c7500000|100%| O|  |TAMS 0x00000000c7500000, 0x00000000c7400000| Untracked 
| 117|0x00000000c7500000, 0x00000000c7600000, 0x00000000c7600000|100%| O|  |TAMS 0x00000000c7600000, 0x00000000c7500000| Untracked 
| 118|0x00000000c7600000, 0x00000000c7700000, 0x00000000c7700000|100%| O|  |TAMS 0x00000000c7700000, 0x00000000c7600000| Untracked 
| 119|0x00000000c7700000, 0x00000000c7800000, 0x00000000c7800000|100%| O|  |TAMS 0x00000000c7800000, 0x00000000c7700000| Untracked 
| 120|0x00000000c7800000, 0x00000000c7900000, 0x00000000c7900000|100%| O|  |TAMS 0x00000000c7900000, 0x00000000c7800000| Untracked 
| 121|0x00000000c7900000, 0x00000000c7a00000, 0x00000000c7a00000|100%| O|  |TAMS 0x00000000c7a00000, 0x00000000c7900000| Untracked 
| 122|0x00000000c7a00000, 0x00000000c7b00000, 0x00000000c7b00000|100%| O|  |TAMS 0x00000000c7b00000, 0x00000000c7a00000| Untracked 
| 123|0x00000000c7b00000, 0x00000000c7c00000, 0x00000000c7c00000|100%| O|  |TAMS 0x00000000c7c00000, 0x00000000c7b00000| Untracked 
| 124|0x00000000c7c00000, 0x00000000c7d00000, 0x00000000c7d00000|100%| O|  |TAMS 0x00000000c7d00000, 0x00000000c7c00000| Untracked 
| 125|0x00000000c7d00000, 0x00000000c7e00000, 0x00000000c7e00000|100%| O|  |TAMS 0x00000000c7e00000, 0x00000000c7d00000| Untracked 
| 126|0x00000000c7e00000, 0x00000000c7f00000, 0x00000000c7f00000|100%| O|  |TAMS 0x00000000c7f00000, 0x00000000c7e00000| Untracked 
| 127|0x00000000c7f00000, 0x00000000c8000000, 0x00000000c8000000|100%| O|  |TAMS 0x00000000c8000000, 0x00000000c7f00000| Untracked 
| 128|0x00000000c8000000, 0x00000000c8100000, 0x00000000c8100000|100%| O|  |TAMS 0x00000000c8100000, 0x00000000c8000000| Untracked 
| 129|0x00000000c8100000, 0x00000000c8200000, 0x00000000c8200000|100%| O|  |TAMS 0x00000000c8200000, 0x00000000c8100000| Complete 
| 130|0x00000000c8200000, 0x00000000c8300000, 0x00000000c8300000|100%| O|  |TAMS 0x00000000c8300000, 0x00000000c8200000| Complete 
| 131|0x00000000c8300000, 0x00000000c8400000, 0x00000000c8400000|100%| O|  |TAMS 0x00000000c8400000, 0x00000000c8300000| Complete 
| 132|0x00000000c8400000, 0x00000000c8500000, 0x00000000c8500000|100%| O|  |TAMS 0x00000000c8500000, 0x00000000c8400000| Untracked 
| 133|0x00000000c8500000, 0x00000000c8600000, 0x00000000c8600000|100%| O|  |TAMS 0x00000000c8600000, 0x00000000c8500000| Untracked 
| 134|0x00000000c8600000, 0x00000000c8700000, 0x00000000c8700000|100%| O|  |TAMS 0x00000000c8700000, 0x00000000c8600000| Untracked 
| 135|0x00000000c8700000, 0x00000000c8800000, 0x00000000c8800000|100%| O|  |TAMS 0x00000000c8800000, 0x00000000c8700000| Untracked 
| 136|0x00000000c8800000, 0x00000000c8900000, 0x00000000c8900000|100%| O|  |TAMS 0x00000000c8900000, 0x00000000c8800000| Untracked 
| 137|0x00000000c8900000, 0x00000000c8a00000, 0x00000000c8a00000|100%| O|  |TAMS 0x00000000c8a00000, 0x00000000c8900000| Untracked 
| 138|0x00000000c8a00000, 0x00000000c8b00000, 0x00000000c8b00000|100%| O|  |TAMS 0x00000000c8b00000, 0x00000000c8a00000| Untracked 
| 139|0x00000000c8b00000, 0x00000000c8c00000, 0x00000000c8c00000|100%| O|  |TAMS 0x00000000c8c00000, 0x00000000c8b00000| Untracked 
| 140|0x00000000c8c00000, 0x00000000c8d00000, 0x00000000c8d00000|100%| O|  |TAMS 0x00000000c8d00000, 0x00000000c8c00000| Untracked 
| 141|0x00000000c8d00000, 0x00000000c8e00000, 0x00000000c8e00000|100%| O|  |TAMS 0x00000000c8e00000, 0x00000000c8d00000| Untracked 
| 142|0x00000000c8e00000, 0x00000000c8f00000, 0x00000000c8f00000|100%| O|  |TAMS 0x00000000c8f00000, 0x00000000c8e00000| Untracked 
| 143|0x00000000c8f00000, 0x00000000c9000000, 0x00000000c9000000|100%| O|  |TAMS 0x00000000c9000000, 0x00000000c8f00000| Untracked 
| 144|0x00000000c9000000, 0x00000000c9100000, 0x00000000c9100000|100%| O|  |TAMS 0x00000000c9100000, 0x00000000c9000000| Untracked 
| 145|0x00000000c9100000, 0x00000000c9200000, 0x00000000c9200000|100%| O|  |TAMS 0x00000000c9200000, 0x00000000c9100000| Untracked 
| 146|0x00000000c9200000, 0x00000000c9300000, 0x00000000c9300000|100%| O|  |TAMS 0x00000000c9300000, 0x00000000c9200000| Untracked 
| 147|0x00000000c9300000, 0x00000000c9400000, 0x00000000c9400000|100%| O|  |TAMS 0x00000000c9400000, 0x00000000c9300000| Untracked 
| 148|0x00000000c9400000, 0x00000000c9500000, 0x00000000c9500000|100%| O|  |TAMS 0x00000000c9500000, 0x00000000c9400000| Untracked 
| 149|0x00000000c9500000, 0x00000000c9600000, 0x00000000c9600000|100%| O|  |TAMS 0x00000000c9600000, 0x00000000c9500000| Untracked 
| 150|0x00000000c9600000, 0x00000000c9700000, 0x00000000c9700000|100%| O|  |TAMS 0x00000000c9700000, 0x00000000c9600000| Untracked 
| 151|0x00000000c9700000, 0x00000000c9800000, 0x00000000c9800000|100%| O|  |TAMS 0x00000000c9800000, 0x00000000c9700000| Untracked 
| 152|0x00000000c9800000, 0x00000000c9900000, 0x00000000c9900000|100%| O|  |TAMS 0x00000000c9900000, 0x00000000c9800000| Untracked 
| 153|0x00000000c9900000, 0x00000000c9a00000, 0x00000000c9a00000|100%| O|  |TAMS 0x00000000c9a00000, 0x00000000c9900000| Untracked 
| 154|0x00000000c9a00000, 0x00000000c9b00000, 0x00000000c9b00000|100%| O|  |TAMS 0x00000000c9b00000, 0x00000000c9a00000| Untracked 
| 155|0x00000000c9b00000, 0x00000000c9c00000, 0x00000000c9c00000|100%| O|  |TAMS 0x00000000c9c00000, 0x00000000c9b00000| Untracked 
| 156|0x00000000c9c00000, 0x00000000c9d00000, 0x00000000c9d00000|100%| O|  |TAMS 0x00000000c9d00000, 0x00000000c9c00000| Untracked 
| 157|0x00000000c9d00000, 0x00000000c9e00000, 0x00000000c9e00000|100%| O|  |TAMS 0x00000000c9e00000, 0x00000000c9d00000| Untracked 
| 158|0x00000000c9e00000, 0x00000000c9f00000, 0x00000000c9f00000|100%| O|  |TAMS 0x00000000c9f00000, 0x00000000c9e00000| Untracked 
| 159|0x00000000c9f00000, 0x00000000ca000000, 0x00000000ca000000|100%| O|  |TAMS 0x00000000ca000000, 0x00000000c9f00000| Untracked 
| 160|0x00000000ca000000, 0x00000000ca100000, 0x00000000ca100000|100%| O|  |TAMS 0x00000000ca100000, 0x00000000ca000000| Untracked 
| 161|0x00000000ca100000, 0x00000000ca200000, 0x00000000ca200000|100%| O|  |TAMS 0x00000000ca200000, 0x00000000ca100000| Untracked 
| 162|0x00000000ca200000, 0x00000000ca300000, 0x00000000ca300000|100%| O|  |TAMS 0x00000000ca300000, 0x00000000ca200000| Complete 
| 163|0x00000000ca300000, 0x00000000ca400000, 0x00000000ca400000|100%| O|  |TAMS 0x00000000ca400000, 0x00000000ca300000| Untracked 
| 164|0x00000000ca400000, 0x00000000ca500000, 0x00000000ca500000|100%| O|  |TAMS 0x00000000ca500000, 0x00000000ca400000| Untracked 
| 165|0x00000000ca500000, 0x00000000ca600000, 0x00000000ca600000|100%| O|  |TAMS 0x00000000ca600000, 0x00000000ca500000| Untracked 
| 166|0x00000000ca600000, 0x00000000ca700000, 0x00000000ca700000|100%| O|  |TAMS 0x00000000ca700000, 0x00000000ca600000| Untracked 
| 167|0x00000000ca700000, 0x00000000ca800000, 0x00000000ca800000|100%| O|  |TAMS 0x00000000ca800000, 0x00000000ca700000| Untracked 
| 168|0x00000000ca800000, 0x00000000ca900000, 0x00000000ca900000|100%| O|  |TAMS 0x00000000ca900000, 0x00000000ca800000| Untracked 
| 169|0x00000000ca900000, 0x00000000caa00000, 0x00000000caa00000|100%| O|  |TAMS 0x00000000caa00000, 0x00000000ca900000| Untracked 
| 170|0x00000000caa00000, 0x00000000cab00000, 0x00000000cab00000|100%| O|  |TAMS 0x00000000cab00000, 0x00000000caa00000| Untracked 
| 171|0x00000000cab00000, 0x00000000cac00000, 0x00000000cac00000|100%| O|  |TAMS 0x00000000cac00000, 0x00000000cab00000| Untracked 
| 172|0x00000000cac00000, 0x00000000cad00000, 0x00000000cad00000|100%| O|  |TAMS 0x00000000cad00000, 0x00000000cac00000| Untracked 
| 173|0x00000000cad00000, 0x00000000cae00000, 0x00000000cae00000|100%| O|  |TAMS 0x00000000cae00000, 0x00000000cad00000| Untracked 
| 174|0x00000000cae00000, 0x00000000caf00000, 0x00000000caf00000|100%| O|  |TAMS 0x00000000caf00000, 0x00000000cae00000| Untracked 
| 175|0x00000000caf00000, 0x00000000cb000000, 0x00000000cb000000|100%| O|  |TAMS 0x00000000cb000000, 0x00000000caf00000| Untracked 
| 176|0x00000000cb000000, 0x00000000cb100000, 0x00000000cb100000|100%| O|  |TAMS 0x00000000cb100000, 0x00000000cb000000| Untracked 
| 177|0x00000000cb100000, 0x00000000cb200000, 0x00000000cb200000|100%| O|  |TAMS 0x00000000cb200000, 0x00000000cb100000| Complete 
| 178|0x00000000cb200000, 0x00000000cb300000, 0x00000000cb300000|100%| O|  |TAMS 0x00000000cb258400, 0x00000000cb200000| Untracked 
| 179|0x00000000cb300000, 0x00000000cb400000, 0x00000000cb400000|100%| O|  |TAMS 0x00000000cb300000, 0x00000000cb300000| Untracked 
| 180|0x00000000cb400000, 0x00000000cb500000, 0x00000000cb500000|100%| O|  |TAMS 0x00000000cb400000, 0x00000000cb400000| Untracked 
| 181|0x00000000cb500000, 0x00000000cb600000, 0x00000000cb600000|100%| O|  |TAMS 0x00000000cb500000, 0x00000000cb500000| Untracked 
| 182|0x00000000cb600000, 0x00000000cb700000, 0x00000000cb700000|100%| O|  |TAMS 0x00000000cb600000, 0x00000000cb600000| Untracked 
| 183|0x00000000cb700000, 0x00000000cb800000, 0x00000000cb800000|100%| O|  |TAMS 0x00000000cb700000, 0x00000000cb700000| Untracked 
| 184|0x00000000cb800000, 0x00000000cb900000, 0x00000000cb900000|100%| O|  |TAMS 0x00000000cb800000, 0x00000000cb800000| Untracked 
| 185|0x00000000cb900000, 0x00000000cba00000, 0x00000000cba00000|100%| O|  |TAMS 0x00000000cb900000, 0x00000000cb900000| Untracked 
| 186|0x00000000cba00000, 0x00000000cbb00000, 0x00000000cbb00000|100%| O|  |TAMS 0x00000000cba00000, 0x00000000cba00000| Untracked 
| 187|0x00000000cbb00000, 0x00000000cbbf2c00, 0x00000000cbc00000| 94%| O|  |TAMS 0x00000000cbb00000, 0x00000000cbb00000| Untracked 
| 188|0x00000000cbc00000, 0x00000000cbd00000, 0x00000000cbd00000|100%|HS|  |TAMS 0x00000000cbc00000, 0x00000000cbc00000| Complete 
| 189|0x00000000cbd00000, 0x00000000cbe00000, 0x00000000cbe00000|100%|HC|  |TAMS 0x00000000cbd00000, 0x00000000cbd00000| Complete 
| 190|0x00000000cbe00000, 0x00000000cbe00000, 0x00000000cbf00000|  0%| F|  |TAMS 0x00000000cbe00000, 0x00000000cbe00000| Untracked 
| 191|0x00000000cbf00000, 0x00000000cbf00000, 0x00000000cc000000|  0%| F|  |TAMS 0x00000000cbf00000, 0x00000000cbf00000| Untracked 
| 192|0x00000000cc000000, 0x00000000cc000000, 0x00000000cc100000|  0%| F|  |TAMS 0x00000000cc000000, 0x00000000cc000000| Untracked 
| 193|0x00000000cc100000, 0x00000000cc100000, 0x00000000cc200000|  0%| F|  |TAMS 0x00000000cc100000, 0x00000000cc100000| Untracked 
| 194|0x00000000cc200000, 0x00000000cc200000, 0x00000000cc300000|  0%| F|  |TAMS 0x00000000cc200000, 0x00000000cc200000| Untracked 
| 195|0x00000000cc300000, 0x00000000cc300000, 0x00000000cc400000|  0%| F|  |TAMS 0x00000000cc300000, 0x00000000cc300000| Untracked 
| 196|0x00000000cc400000, 0x00000000cc400000, 0x00000000cc500000|  0%| F|  |TAMS 0x00000000cc400000, 0x00000000cc400000| Untracked 
| 197|0x00000000cc500000, 0x00000000cc500000, 0x00000000cc600000|  0%| F|  |TAMS 0x00000000cc500000, 0x00000000cc500000| Untracked 
| 198|0x00000000cc600000, 0x00000000cc600000, 0x00000000cc700000|  0%| F|  |TAMS 0x00000000cc600000, 0x00000000cc600000| Untracked 
| 199|0x00000000cc700000, 0x00000000cc700000, 0x00000000cc800000|  0%| F|  |TAMS 0x00000000cc700000, 0x00000000cc700000| Untracked 
| 200|0x00000000cc800000, 0x00000000cc800000, 0x00000000cc900000|  0%| F|  |TAMS 0x00000000cc800000, 0x00000000cc800000| Untracked 
| 201|0x00000000cc900000, 0x00000000cc900000, 0x00000000cca00000|  0%| F|  |TAMS 0x00000000cc900000, 0x00000000cc900000| Untracked 
| 202|0x00000000cca00000, 0x00000000cca00000, 0x00000000ccb00000|  0%| F|  |TAMS 0x00000000cca00000, 0x00000000cca00000| Untracked 
| 203|0x00000000ccb00000, 0x00000000ccb00000, 0x00000000ccc00000|  0%| F|  |TAMS 0x00000000ccb00000, 0x00000000ccb00000| Untracked 
| 204|0x00000000ccc00000, 0x00000000ccc00000, 0x00000000ccd00000|  0%| F|  |TAMS 0x00000000ccc00000, 0x00000000ccc00000| Untracked 
| 205|0x00000000ccd00000, 0x00000000ccd00000, 0x00000000cce00000|  0%| F|  |TAMS 0x00000000ccd00000, 0x00000000ccd00000| Untracked 
| 206|0x00000000cce00000, 0x00000000cce00000, 0x00000000ccf00000|  0%| F|  |TAMS 0x00000000cce00000, 0x00000000cce00000| Untracked 
| 207|0x00000000ccf00000, 0x00000000ccf00000, 0x00000000cd000000|  0%| F|  |TAMS 0x00000000ccf00000, 0x00000000ccf00000| Untracked 
| 208|0x00000000cd000000, 0x00000000cd000000, 0x00000000cd100000|  0%| F|  |TAMS 0x00000000cd000000, 0x00000000cd000000| Untracked 
| 209|0x00000000cd100000, 0x00000000cd100000, 0x00000000cd200000|  0%| F|  |TAMS 0x00000000cd100000, 0x00000000cd100000| Untracked 
| 210|0x00000000cd200000, 0x00000000cd200000, 0x00000000cd300000|  0%| F|  |TAMS 0x00000000cd200000, 0x00000000cd200000| Untracked 
| 211|0x00000000cd300000, 0x00000000cd300000, 0x00000000cd400000|  0%| F|  |TAMS 0x00000000cd300000, 0x00000000cd300000| Untracked 
| 212|0x00000000cd400000, 0x00000000cd400000, 0x00000000cd500000|  0%| F|  |TAMS 0x00000000cd400000, 0x00000000cd400000| Untracked 
| 213|0x00000000cd500000, 0x00000000cd500000, 0x00000000cd600000|  0%| F|  |TAMS 0x00000000cd500000, 0x00000000cd500000| Untracked 
| 214|0x00000000cd600000, 0x00000000cd600000, 0x00000000cd700000|  0%| F|  |TAMS 0x00000000cd600000, 0x00000000cd600000| Untracked 
| 215|0x00000000cd700000, 0x00000000cd700000, 0x00000000cd800000|  0%| F|  |TAMS 0x00000000cd700000, 0x00000000cd700000| Untracked 
| 216|0x00000000cd800000, 0x00000000cd800000, 0x00000000cd900000|  0%| F|  |TAMS 0x00000000cd800000, 0x00000000cd800000| Untracked 
| 217|0x00000000cd900000, 0x00000000cd900000, 0x00000000cda00000|  0%| F|  |TAMS 0x00000000cd900000, 0x00000000cd900000| Untracked 
| 218|0x00000000cda00000, 0x00000000cda00000, 0x00000000cdb00000|  0%| F|  |TAMS 0x00000000cda00000, 0x00000000cda00000| Untracked 
| 219|0x00000000cdb00000, 0x00000000cdb00000, 0x00000000cdc00000|  0%| F|  |TAMS 0x00000000cdb00000, 0x00000000cdb00000| Untracked 
| 220|0x00000000cdc00000, 0x00000000cdc00000, 0x00000000cdd00000|  0%| F|  |TAMS 0x00000000cdc00000, 0x00000000cdc00000| Untracked 
| 221|0x00000000cdd00000, 0x00000000cdd00000, 0x00000000cde00000|  0%| F|  |TAMS 0x00000000cdd00000, 0x00000000cdd00000| Untracked 
| 222|0x00000000cde00000, 0x00000000cde00000, 0x00000000cdf00000|  0%| F|  |TAMS 0x00000000cde00000, 0x00000000cde00000| Untracked 
| 223|0x00000000cdf00000, 0x00000000cdf00000, 0x00000000ce000000|  0%| F|  |TAMS 0x00000000cdf00000, 0x00000000cdf00000| Untracked 
| 224|0x00000000ce000000, 0x00000000ce000000, 0x00000000ce100000|  0%| F|  |TAMS 0x00000000ce000000, 0x00000000ce000000| Untracked 
| 225|0x00000000ce100000, 0x00000000ce100000, 0x00000000ce200000|  0%| F|  |TAMS 0x00000000ce100000, 0x00000000ce100000| Untracked 
| 226|0x00000000ce200000, 0x00000000ce200000, 0x00000000ce300000|  0%| F|  |TAMS 0x00000000ce200000, 0x00000000ce200000| Untracked 
| 227|0x00000000ce300000, 0x00000000ce300000, 0x00000000ce400000|  0%| F|  |TAMS 0x00000000ce300000, 0x00000000ce300000| Untracked 
| 228|0x00000000ce400000, 0x00000000ce400000, 0x00000000ce500000|  0%| F|  |TAMS 0x00000000ce400000, 0x00000000ce400000| Untracked 
| 229|0x00000000ce500000, 0x00000000ce500000, 0x00000000ce600000|  0%| F|  |TAMS 0x00000000ce500000, 0x00000000ce500000| Untracked 
| 230|0x00000000ce600000, 0x00000000ce600000, 0x00000000ce700000|  0%| F|  |TAMS 0x00000000ce600000, 0x00000000ce600000| Untracked 
| 231|0x00000000ce700000, 0x00000000ce700000, 0x00000000ce800000|  0%| F|  |TAMS 0x00000000ce700000, 0x00000000ce700000| Untracked 
| 232|0x00000000ce800000, 0x00000000ce800000, 0x00000000ce900000|  0%| F|  |TAMS 0x00000000ce800000, 0x00000000ce800000| Untracked 
| 233|0x00000000ce900000, 0x00000000ce900000, 0x00000000cea00000|  0%| F|  |TAMS 0x00000000ce900000, 0x00000000ce900000| Untracked 
| 234|0x00000000cea00000, 0x00000000cea00000, 0x00000000ceb00000|  0%| F|  |TAMS 0x00000000cea00000, 0x00000000cea00000| Untracked 
| 235|0x00000000ceb00000, 0x00000000ceb00000, 0x00000000cec00000|  0%| F|  |TAMS 0x00000000ceb00000, 0x00000000ceb00000| Untracked 
| 236|0x00000000cec00000, 0x00000000cec00000, 0x00000000ced00000|  0%| F|  |TAMS 0x00000000cec00000, 0x00000000cec00000| Untracked 
| 237|0x00000000ced00000, 0x00000000ced00000, 0x00000000cee00000|  0%| F|  |TAMS 0x00000000ced00000, 0x00000000ced00000| Untracked 
| 238|0x00000000cee00000, 0x00000000cee00000, 0x00000000cef00000|  0%| F|  |TAMS 0x00000000cee00000, 0x00000000cee00000| Untracked 
| 239|0x00000000cef00000, 0x00000000cef00000, 0x00000000cf000000|  0%| F|  |TAMS 0x00000000cef00000, 0x00000000cef00000| Untracked 
| 240|0x00000000cf000000, 0x00000000cf000000, 0x00000000cf100000|  0%| F|  |TAMS 0x00000000cf000000, 0x00000000cf000000| Untracked 
| 241|0x00000000cf100000, 0x00000000cf100000, 0x00000000cf200000|  0%| F|  |TAMS 0x00000000cf100000, 0x00000000cf100000| Untracked 
| 242|0x00000000cf200000, 0x00000000cf200000, 0x00000000cf300000|  0%| F|  |TAMS 0x00000000cf200000, 0x00000000cf200000| Untracked 
| 243|0x00000000cf300000, 0x00000000cf300000, 0x00000000cf400000|  0%| F|  |TAMS 0x00000000cf300000, 0x00000000cf300000| Untracked 
| 244|0x00000000cf400000, 0x00000000cf400000, 0x00000000cf500000|  0%| F|  |TAMS 0x00000000cf400000, 0x00000000cf400000| Untracked 
| 245|0x00000000cf500000, 0x00000000cf500000, 0x00000000cf600000|  0%| F|  |TAMS 0x00000000cf500000, 0x00000000cf500000| Untracked 
| 246|0x00000000cf600000, 0x00000000cf600000, 0x00000000cf700000|  0%| F|  |TAMS 0x00000000cf600000, 0x00000000cf600000| Untracked 
| 247|0x00000000cf700000, 0x00000000cf700000, 0x00000000cf800000|  0%| F|  |TAMS 0x00000000cf700000, 0x00000000cf700000| Untracked 
| 248|0x00000000cf800000, 0x00000000cf800000, 0x00000000cf900000|  0%| F|  |TAMS 0x00000000cf800000, 0x00000000cf800000| Untracked 
| 249|0x00000000cf900000, 0x00000000cf900000, 0x00000000cfa00000|  0%| F|  |TAMS 0x00000000cf900000, 0x00000000cf900000| Untracked 
| 250|0x00000000cfa00000, 0x00000000cfa00000, 0x00000000cfb00000|  0%| F|  |TAMS 0x00000000cfa00000, 0x00000000cfa00000| Untracked 
| 251|0x00000000cfb00000, 0x00000000cfb00000, 0x00000000cfc00000|  0%| F|  |TAMS 0x00000000cfb00000, 0x00000000cfb00000| Untracked 
| 252|0x00000000cfc00000, 0x00000000cfc00000, 0x00000000cfd00000|  0%| F|  |TAMS 0x00000000cfc00000, 0x00000000cfc00000| Untracked 
| 253|0x00000000cfd00000, 0x00000000cfd00000, 0x00000000cfe00000|  0%| F|  |TAMS 0x00000000cfd00000, 0x00000000cfd00000| Untracked 
| 254|0x00000000cfe00000, 0x00000000cfe00000, 0x00000000cff00000|  0%| F|  |TAMS 0x00000000cfe00000, 0x00000000cfe00000| Untracked 
| 255|0x00000000cff00000, 0x00000000cff00000, 0x00000000d0000000|  0%| F|  |TAMS 0x00000000cff00000, 0x00000000cff00000| Untracked 
| 256|0x00000000d0000000, 0x00000000d0000000, 0x00000000d0100000|  0%| F|  |TAMS 0x00000000d0000000, 0x00000000d0000000| Untracked 
| 257|0x00000000d0100000, 0x00000000d0100000, 0x00000000d0200000|  0%| F|  |TAMS 0x00000000d0100000, 0x00000000d0100000| Untracked 
| 258|0x00000000d0200000, 0x00000000d0200000, 0x00000000d0300000|  0%| F|  |TAMS 0x00000000d0200000, 0x00000000d0200000| Untracked 
| 259|0x00000000d0300000, 0x00000000d0300000, 0x00000000d0400000|  0%| F|  |TAMS 0x00000000d0300000, 0x00000000d0300000| Untracked 
| 260|0x00000000d0400000, 0x00000000d0400000, 0x00000000d0500000|  0%| F|  |TAMS 0x00000000d0400000, 0x00000000d0400000| Untracked 
| 261|0x00000000d0500000, 0x00000000d0500000, 0x00000000d0600000|  0%| F|  |TAMS 0x00000000d0500000, 0x00000000d0500000| Untracked 
| 262|0x00000000d0600000, 0x00000000d0600000, 0x00000000d0700000|  0%| F|  |TAMS 0x00000000d0600000, 0x00000000d0600000| Untracked 
| 263|0x00000000d0700000, 0x00000000d0700000, 0x00000000d0800000|  0%| F|  |TAMS 0x00000000d0700000, 0x00000000d0700000| Untracked 
| 264|0x00000000d0800000, 0x00000000d0800000, 0x00000000d0900000|  0%| F|  |TAMS 0x00000000d0800000, 0x00000000d0800000| Untracked 
| 265|0x00000000d0900000, 0x00000000d0900000, 0x00000000d0a00000|  0%| F|  |TAMS 0x00000000d0900000, 0x00000000d0900000| Untracked 
| 266|0x00000000d0a00000, 0x00000000d0a00000, 0x00000000d0b00000|  0%| F|  |TAMS 0x00000000d0a00000, 0x00000000d0a00000| Untracked 
| 267|0x00000000d0b00000, 0x00000000d0b00000, 0x00000000d0c00000|  0%| F|  |TAMS 0x00000000d0b00000, 0x00000000d0b00000| Untracked 
| 268|0x00000000d0c00000, 0x00000000d0c00000, 0x00000000d0d00000|  0%| F|  |TAMS 0x00000000d0c00000, 0x00000000d0c00000| Untracked 
| 269|0x00000000d0d00000, 0x00000000d0d00000, 0x00000000d0e00000|  0%| F|  |TAMS 0x00000000d0d00000, 0x00000000d0d00000| Untracked 
| 270|0x00000000d0e00000, 0x00000000d0e00000, 0x00000000d0f00000|  0%| F|  |TAMS 0x00000000d0e00000, 0x00000000d0e00000| Untracked 
| 271|0x00000000d0f00000, 0x00000000d0f00000, 0x00000000d1000000|  0%| F|  |TAMS 0x00000000d0f00000, 0x00000000d0f00000| Untracked 
| 272|0x00000000d1000000, 0x00000000d1000000, 0x00000000d1100000|  0%| F|  |TAMS 0x00000000d1000000, 0x00000000d1000000| Untracked 
| 273|0x00000000d1100000, 0x00000000d1100000, 0x00000000d1200000|  0%| F|  |TAMS 0x00000000d1100000, 0x00000000d1100000| Untracked 
| 274|0x00000000d1200000, 0x00000000d1200000, 0x00000000d1300000|  0%| F|  |TAMS 0x00000000d1200000, 0x00000000d1200000| Untracked 
| 275|0x00000000d1300000, 0x00000000d1300000, 0x00000000d1400000|  0%| F|  |TAMS 0x00000000d1300000, 0x00000000d1300000| Untracked 
| 276|0x00000000d1400000, 0x00000000d1400000, 0x00000000d1500000|  0%| F|  |TAMS 0x00000000d1400000, 0x00000000d1400000| Untracked 
| 277|0x00000000d1500000, 0x00000000d1500000, 0x00000000d1600000|  0%| F|  |TAMS 0x00000000d1500000, 0x00000000d1500000| Untracked 
| 278|0x00000000d1600000, 0x00000000d1600000, 0x00000000d1700000|  0%| F|  |TAMS 0x00000000d1600000, 0x00000000d1600000| Untracked 
| 279|0x00000000d1700000, 0x00000000d1700000, 0x00000000d1800000|  0%| F|  |TAMS 0x00000000d1700000, 0x00000000d1700000| Untracked 
| 280|0x00000000d1800000, 0x00000000d1800000, 0x00000000d1900000|  0%| F|  |TAMS 0x00000000d1800000, 0x00000000d1800000| Untracked 
| 281|0x00000000d1900000, 0x00000000d1900000, 0x00000000d1a00000|  0%| F|  |TAMS 0x00000000d1900000, 0x00000000d1900000| Untracked 
| 282|0x00000000d1a00000, 0x00000000d1a00000, 0x00000000d1b00000|  0%| F|  |TAMS 0x00000000d1a00000, 0x00000000d1a00000| Untracked 
| 283|0x00000000d1b00000, 0x00000000d1b00000, 0x00000000d1c00000|  0%| F|  |TAMS 0x00000000d1b00000, 0x00000000d1b00000| Untracked 
| 284|0x00000000d1c00000, 0x00000000d1c00000, 0x00000000d1d00000|  0%| F|  |TAMS 0x00000000d1c00000, 0x00000000d1c00000| Untracked 
| 285|0x00000000d1d00000, 0x00000000d1d00000, 0x00000000d1e00000|  0%| F|  |TAMS 0x00000000d1d00000, 0x00000000d1d00000| Untracked 
| 286|0x00000000d1e00000, 0x00000000d1e00000, 0x00000000d1f00000|  0%| F|  |TAMS 0x00000000d1e00000, 0x00000000d1e00000| Untracked 
| 287|0x00000000d1f00000, 0x00000000d1f00000, 0x00000000d2000000|  0%| F|  |TAMS 0x00000000d1f00000, 0x00000000d1f00000| Untracked 
| 288|0x00000000d2000000, 0x00000000d2000000, 0x00000000d2100000|  0%| F|  |TAMS 0x00000000d2000000, 0x00000000d2000000| Untracked 
| 289|0x00000000d2100000, 0x00000000d2100000, 0x00000000d2200000|  0%| F|  |TAMS 0x00000000d2100000, 0x00000000d2100000| Untracked 
| 290|0x00000000d2200000, 0x00000000d2200000, 0x00000000d2300000|  0%| F|  |TAMS 0x00000000d2200000, 0x00000000d2200000| Untracked 
| 291|0x00000000d2300000, 0x00000000d2300000, 0x00000000d2400000|  0%| F|  |TAMS 0x00000000d2300000, 0x00000000d2300000| Untracked 
| 292|0x00000000d2400000, 0x00000000d2400000, 0x00000000d2500000|  0%| F|  |TAMS 0x00000000d2400000, 0x00000000d2400000| Untracked 
| 293|0x00000000d2500000, 0x00000000d2500000, 0x00000000d2600000|  0%| F|  |TAMS 0x00000000d2500000, 0x00000000d2500000| Untracked 
| 294|0x00000000d2600000, 0x00000000d2600000, 0x00000000d2700000|  0%| F|  |TAMS 0x00000000d2600000, 0x00000000d2600000| Untracked 
| 295|0x00000000d2700000, 0x00000000d2700000, 0x00000000d2800000|  0%| F|  |TAMS 0x00000000d2700000, 0x00000000d2700000| Untracked 
| 296|0x00000000d2800000, 0x00000000d2800000, 0x00000000d2900000|  0%| F|  |TAMS 0x00000000d2800000, 0x00000000d2800000| Untracked 
| 297|0x00000000d2900000, 0x00000000d291f158, 0x00000000d2a00000| 12%| E|  |TAMS 0x00000000d2900000, 0x00000000d2900000| Complete 
| 298|0x00000000d2a00000, 0x00000000d2b00000, 0x00000000d2b00000|100%| E|CS|TAMS 0x00000000d2a00000, 0x00000000d2a00000| Complete 
| 299|0x00000000d2b00000, 0x00000000d2c00000, 0x00000000d2c00000|100%| E|CS|TAMS 0x00000000d2b00000, 0x00000000d2b00000| Complete 
| 300|0x00000000d2c00000, 0x00000000d2d00000, 0x00000000d2d00000|100%| E|CS|TAMS 0x00000000d2c00000, 0x00000000d2c00000| Complete 
| 301|0x00000000d2d00000, 0x00000000d2e00000, 0x00000000d2e00000|100%| E|CS|TAMS 0x00000000d2d00000, 0x00000000d2d00000| Complete 
| 302|0x00000000d2e00000, 0x00000000d2f00000, 0x00000000d2f00000|100%| E|CS|TAMS 0x00000000d2e00000, 0x00000000d2e00000| Complete 
| 303|0x00000000d2f00000, 0x00000000d3000000, 0x00000000d3000000|100%| E|CS|TAMS 0x00000000d2f00000, 0x00000000d2f00000| Complete 
| 304|0x00000000d3000000, 0x00000000d3100000, 0x00000000d3100000|100%| E|CS|TAMS 0x00000000d3000000, 0x00000000d3000000| Complete 
| 305|0x00000000d3100000, 0x00000000d3200000, 0x00000000d3200000|100%| E|CS|TAMS 0x00000000d3100000, 0x00000000d3100000| Complete 
| 306|0x00000000d3200000, 0x00000000d3300000, 0x00000000d3300000|100%| E|CS|TAMS 0x00000000d3200000, 0x00000000d3200000| Complete 
| 307|0x00000000d3300000, 0x00000000d3400000, 0x00000000d3400000|100%| E|CS|TAMS 0x00000000d3300000, 0x00000000d3300000| Complete 
| 308|0x00000000d3400000, 0x00000000d3438420, 0x00000000d3500000| 21%| S|CS|TAMS 0x00000000d3400000, 0x00000000d3400000| Complete 
| 309|0x00000000d3500000, 0x00000000d3600000, 0x00000000d3600000|100%| S|CS|TAMS 0x00000000d3500000, 0x00000000d3500000| Complete 
| 310|0x00000000d3600000, 0x00000000d3700000, 0x00000000d3700000|100%| S|CS|TAMS 0x00000000d3600000, 0x00000000d3600000| Complete 
| 311|0x00000000d3700000, 0x00000000d3800000, 0x00000000d3800000|100%| E|CS|TAMS 0x00000000d3700000, 0x00000000d3700000| Complete 
| 312|0x00000000d3800000, 0x00000000d3900000, 0x00000000d3900000|100%| E|CS|TAMS 0x00000000d3800000, 0x00000000d3800000| Complete 
| 313|0x00000000d3900000, 0x00000000d3a00000, 0x00000000d3a00000|100%| E|CS|TAMS 0x00000000d3900000, 0x00000000d3900000| Complete 
| 314|0x00000000d3a00000, 0x00000000d3b00000, 0x00000000d3b00000|100%| E|CS|TAMS 0x00000000d3a00000, 0x00000000d3a00000| Complete 
| 315|0x00000000d3b00000, 0x00000000d3c00000, 0x00000000d3c00000|100%| E|CS|TAMS 0x00000000d3b00000, 0x00000000d3b00000| Complete 
| 316|0x00000000d3c00000, 0x00000000d3d00000, 0x00000000d3d00000|100%| E|CS|TAMS 0x00000000d3c00000, 0x00000000d3c00000| Complete 
| 317|0x00000000d3d00000, 0x00000000d3e00000, 0x00000000d3e00000|100%| E|CS|TAMS 0x00000000d3d00000, 0x00000000d3d00000| Complete 
| 318|0x00000000d3e00000, 0x00000000d3f00000, 0x00000000d3f00000|100%| E|CS|TAMS 0x00000000d3e00000, 0x00000000d3e00000| Complete 
| 319|0x00000000d3f00000, 0x00000000d4000000, 0x00000000d4000000|100%| E|CS|TAMS 0x00000000d3f00000, 0x00000000d3f00000| Complete 
| 320|0x00000000d4000000, 0x00000000d4100000, 0x00000000d4100000|100%| E|CS|TAMS 0x00000000d4000000, 0x00000000d4000000| Complete 
| 321|0x00000000d4100000, 0x00000000d4200000, 0x00000000d4200000|100%| E|CS|TAMS 0x00000000d4100000, 0x00000000d4100000| Complete 
| 322|0x00000000d4200000, 0x00000000d4300000, 0x00000000d4300000|100%| E|CS|TAMS 0x00000000d4200000, 0x00000000d4200000| Complete 
| 323|0x00000000d4300000, 0x00000000d4400000, 0x00000000d4400000|100%| E|CS|TAMS 0x00000000d4300000, 0x00000000d4300000| Complete 
| 324|0x00000000d4400000, 0x00000000d4500000, 0x00000000d4500000|100%| E|CS|TAMS 0x00000000d4400000, 0x00000000d4400000| Complete 
| 325|0x00000000d4500000, 0x00000000d4600000, 0x00000000d4600000|100%| E|CS|TAMS 0x00000000d4500000, 0x00000000d4500000| Complete 
| 326|0x00000000d4600000, 0x00000000d4700000, 0x00000000d4700000|100%| E|CS|TAMS 0x00000000d4600000, 0x00000000d4600000| Complete 
| 327|0x00000000d4700000, 0x00000000d4800000, 0x00000000d4800000|100%| E|CS|TAMS 0x00000000d4700000, 0x00000000d4700000| Complete 
| 328|0x00000000d4800000, 0x00000000d4900000, 0x00000000d4900000|100%| E|CS|TAMS 0x00000000d4800000, 0x00000000d4800000| Complete 
| 329|0x00000000d4900000, 0x00000000d4a00000, 0x00000000d4a00000|100%| E|CS|TAMS 0x00000000d4900000, 0x00000000d4900000| Complete 
| 330|0x00000000d4a00000, 0x00000000d4b00000, 0x00000000d4b00000|100%| E|CS|TAMS 0x00000000d4a00000, 0x00000000d4a00000| Complete 
| 331|0x00000000d4b00000, 0x00000000d4c00000, 0x00000000d4c00000|100%| E|CS|TAMS 0x00000000d4b00000, 0x00000000d4b00000| Complete 
| 332|0x00000000d4c00000, 0x00000000d4d00000, 0x00000000d4d00000|100%| E|CS|TAMS 0x00000000d4c00000, 0x00000000d4c00000| Complete 
| 333|0x00000000d4d00000, 0x00000000d4e00000, 0x00000000d4e00000|100%| E|CS|TAMS 0x00000000d4d00000, 0x00000000d4d00000| Complete 
| 334|0x00000000d4e00000, 0x00000000d4f00000, 0x00000000d4f00000|100%| E|CS|TAMS 0x00000000d4e00000, 0x00000000d4e00000| Complete 
| 335|0x00000000d4f00000, 0x00000000d5000000, 0x00000000d5000000|100%| E|CS|TAMS 0x00000000d4f00000, 0x00000000d4f00000| Complete 
| 336|0x00000000d5000000, 0x00000000d5100000, 0x00000000d5100000|100%| E|  |TAMS 0x00000000d5000000, 0x00000000d5000000| Complete 
| 337|0x00000000d5100000, 0x00000000d5200000, 0x00000000d5200000|100%| E|CS|TAMS 0x00000000d5100000, 0x00000000d5100000| Complete 
| 338|0x00000000d5200000, 0x00000000d5300000, 0x00000000d5300000|100%| E|CS|TAMS 0x00000000d5200000, 0x00000000d5200000| Complete 
| 339|0x00000000d5300000, 0x00000000d5400000, 0x00000000d5400000|100%| E|CS|TAMS 0x00000000d5300000, 0x00000000d5300000| Complete 
| 340|0x00000000d5400000, 0x00000000d5500000, 0x00000000d5500000|100%| E|CS|TAMS 0x00000000d5400000, 0x00000000d5400000| Complete 
| 341|0x00000000d5500000, 0x00000000d5600000, 0x00000000d5600000|100%| E|CS|TAMS 0x00000000d5500000, 0x00000000d5500000| Complete 
| 342|0x00000000d5600000, 0x00000000d5700000, 0x00000000d5700000|100%| E|CS|TAMS 0x00000000d5600000, 0x00000000d5600000| Complete 
| 343|0x00000000d5700000, 0x00000000d5800000, 0x00000000d5800000|100%| E|CS|TAMS 0x00000000d5700000, 0x00000000d5700000| Complete 
| 344|0x00000000d5800000, 0x00000000d5900000, 0x00000000d5900000|100%| E|CS|TAMS 0x00000000d5800000, 0x00000000d5800000| Complete 
| 345|0x00000000d5900000, 0x00000000d5a00000, 0x00000000d5a00000|100%| E|CS|TAMS 0x00000000d5900000, 0x00000000d5900000| Complete 
| 346|0x00000000d5a00000, 0x00000000d5b00000, 0x00000000d5b00000|100%| E|CS|TAMS 0x00000000d5a00000, 0x00000000d5a00000| Complete 
| 396|0x00000000d8c00000, 0x00000000d8d00000, 0x00000000d8d00000|100%| E|CS|TAMS 0x00000000d8c00000, 0x00000000d8c00000| Complete 
| 505|0x00000000df900000, 0x00000000dfa00000, 0x00000000dfa00000|100%| E|CS|TAMS 0x00000000df900000, 0x00000000df900000| Complete 

Card table byte_map: [0x00000224f3560000,0x00000224f3760000] _byte_map_base: 0x00000224f2f60000

Marking Bits (Prev, Next): (CMBitMap*) 0x00000224eb570910, (CMBitMap*) 0x00000224eb5708d0
 Prev Bits: [0x00000224f4960000, 0x00000224f5960000)
 Next Bits: [0x00000224f3960000, 0x00000224f4960000)

Polling page: 0x00000224e9520000

Metaspace:

Usage:
  Non-class:    137.03 MB used.
      Class:     20.71 MB used.
       Both:    157.74 MB used.

Virtual space:
  Non-class space:      192.00 MB reserved,     137.69 MB ( 72%) committed,  3 nodes.
      Class space:        1.00 GB reserved,      21.38 MB (  2%) committed,  1 nodes.
             Both:        1.19 GB reserved,     159.06 MB ( 13%) committed. 

Chunk freelists:
   Non-Class:  5.69 MB
       Class:  10.60 MB
        Both:  16.29 MB

MaxMetaspaceSize: unlimited
CompressedClassSpaceSize: 1.00 GB
Initial GC threshold: 21.00 MB
Current GC threshold: 264.69 MB
CDS: on
MetaspaceReclaimPolicy: balanced
 - commit_granule_bytes: 65536.
 - commit_granule_words: 8192.
 - virtual_space_node_default_size: 8388608.
 - enlarge_chunks_in_place: 1.
 - new_chunks_are_fully_committed: 0.
 - uncommit_free_chunks: 1.
 - use_allocation_guard: 0.
 - handle_deallocations: 1.


Internal statistics:

num_allocs_failed_limit: 23.
num_arena_births: 2452.
num_arena_deaths: 40.
num_vsnodes_births: 4.
num_vsnodes_deaths: 0.
num_space_committed: 2542.
num_space_uncommitted: 0.
num_chunks_returned_to_freelist: 83.
num_chunks_taken_from_freelist: 10633.
num_chunk_merges: 28.
num_chunk_splits: 6294.
num_chunks_enlarged: 3209.
num_inconsistent_stats: 0.

CodeHeap 'non-profiled nmethods': size=120000Kb used=9681Kb max_used=9681Kb free=110318Kb
 bounds [0x0000022487ad0000, 0x0000022488450000, 0x000002248f000000]
CodeHeap 'profiled nmethods': size=120000Kb used=34681Kb max_used=34681Kb free=85318Kb
 bounds [0x0000022480000000, 0x00000224821e0000, 0x0000022487530000]
CodeHeap 'non-nmethods': size=5760Kb used=1948Kb max_used=1992Kb free=3811Kb
 bounds [0x0000022487530000, 0x00000224877a0000, 0x0000022487ad0000]
 total_blobs=19432 nmethods=18373 adapters=968
 compilation: enabled
              stopped_count=0, restarted_count=0
 full_count=0

Compilation events (20 events):
Event: 21.807 Thread 0x00000224f86952e0 nmethod 23386 0x000002248219eb10 code [0x000002248219ed40, 0x000002248219f818]
Event: 21.808 Thread 0x00000224f86952e0 23387       3       ksp.com.intellij.psi.impl.compiled.ClsModifierListImpl::getAnnotations (30 bytes)
Event: 21.808 Thread 0x00000224f86952e0 nmethod 23387 0x000002248219fb10 code [0x000002248219fce0, 0x00000224821a0238]
Event: 21.808 Thread 0x00000224f86952e0 23389       1       ksp.org.jetbrains.kotlin.fir.java.declarations.FirJavaClass::getClassJavaTypeParameterStack (5 bytes)
Event: 21.808 Thread 0x00000224f86952e0 nmethod 23389 0x0000022488442910 code [0x0000022488442aa0, 0x0000022488442b78]
Event: 21.808 Thread 0x00000224f86952e0 23390       3       ksp.org.jetbrains.kotlin.fir.deserialization.AbstractFirDeserializedSymbolProvider$symbolNamesProvider$1::computeTopLevelClassifierNames (262 bytes)
Event: 21.811 Thread 0x00000224f86952e0 nmethod 23390 0x00000224821a0390 code [0x00000224821a09c0, 0x00000224821a3ee8]
Event: 21.811 Thread 0x00000224f86952e0 23391       3       ksp.org.jetbrains.kotlin.protobuf.FieldSet::readPrimitiveField (263 bytes)
Event: 21.813 Thread 0x00000224f86952e0 nmethod 23391 0x00000224821a5190 code [0x00000224821a5760, 0x00000224821a7c78]
Event: 21.819 Thread 0x00000224f86952e0 23392       3       ksp.org.jetbrains.kotlin.fir.deserialization.AbstractAnnotationDeserializer::<init> (27 bytes)
Event: 21.820 Thread 0x00000224f86952e0 nmethod 23392 0x00000224821a8910 code [0x00000224821a8ba0, 0x00000224821a96d8]
Event: 21.823 Thread 0x00000224f86952e0 23393       1       ksp.com.intellij.ide.highlighter.JavaClassFileType::isBinary (2 bytes)
Event: 21.824 Thread 0x00000224f86952e0 nmethod 23393 0x0000022488442c10 code [0x0000022488442da0, 0x0000022488442e78]
Event: 21.824 Thread 0x00000224f86952e0 23394       3       ksp.com.intellij.psi.impl.cache.TypeInfo$RefTypeInfo::<init> (18 bytes)
Event: 21.824 Thread 0x00000224f86952e0 nmethod 23394 0x00000224821a9a90 code [0x00000224821a9c40, 0x00000224821a9e18]
Event: 21.824 Thread 0x00000224f86952e0 23395       3       ksp.com.intellij.util.ObjectUtilsRt::reachabilityFence (9 bytes)
Event: 21.824 Thread 0x00000224f86952e0 nmethod 23395 0x00000224821a9f10 code [0x00000224821aa0a0, 0x00000224821aa1e8]
Event: 21.825 Thread 0x00000224f86952e0 23396       3       ksp.org.jetbrains.kotlin.cli.jvm.compiler.KotlinCliJavaFileManagerImpl::findVirtualFileForTopLevelClass (290 bytes)
Event: 21.830 Thread 0x00000224f86952e0 nmethod 23396 0x00000224821aa290 code [0x00000224821aab40, 0x00000224821af6b8]
Event: 21.830 Thread 0x00000224f86952e0 23397       3       java.util.HashMap$Values::forEach (119 bytes)

GC Heap History (20 events):
Event: 14.922 GC heap before
{Heap before GC invocations=26 (full 0):
 garbage-first heap   total 342016K, used 274677K [0x00000000c0000000, 0x0000000100000000)
  region size 1024K, 154 young (157696K), 18 survivors (18432K)
 Metaspace       used 102955K, committed 104192K, reserved 1179648K
  class space    used 13831K, committed 14464K, reserved 1048576K
}
Event: 14.937 GC heap after
{Heap after GC invocations=27 (full 0):
 garbage-first heap   total 342016K, used 145753K [0x00000000c0000000, 0x0000000100000000)
  region size 1024K, 20 young (20480K), 20 survivors (20480K)
 Metaspace       used 102955K, committed 104192K, reserved 1179648K
  class space    used 13831K, committed 14464K, reserved 1048576K
}
Event: 14.945 GC heap before
{Heap before GC invocations=27 (full 0):
 garbage-first heap   total 342016K, used 146777K [0x00000000c0000000, 0x0000000100000000)
  region size 1024K, 22 young (22528K), 20 survivors (20480K)
 Metaspace       used 103138K, committed 104320K, reserved 1179648K
  class space    used 13857K, committed 14464K, reserved 1048576K
}
Event: 14.957 GC heap after
{Heap after GC invocations=28 (full 0):
 garbage-first heap   total 342016K, used 147560K [0x00000000c0000000, 0x0000000100000000)
  region size 1024K, 12 young (12288K), 12 survivors (12288K)
 Metaspace       used 103138K, committed 104320K, reserved 1179648K
  class space    used 13857K, committed 14464K, reserved 1048576K
}
Event: 15.673 GC heap before
{Heap before GC invocations=29 (full 0):
 garbage-first heap   total 342016K, used 267368K [0x00000000c0000000, 0x0000000100000000)
  region size 1024K, 128 young (131072K), 12 survivors (12288K)
 Metaspace       used 116065K, committed 117312K, reserved 1179648K
  class space    used 15968K, committed 16576K, reserved 1048576K
}
Event: 15.687 GC heap after
{Heap after GC invocations=30 (full 0):
 garbage-first heap   total 342016K, used 155682K [0x00000000c0000000, 0x0000000100000000)
  region size 1024K, 10 young (10240K), 10 survivors (10240K)
 Metaspace       used 116065K, committed 117312K, reserved 1179648K
  class space    used 15968K, committed 16576K, reserved 1048576K
}
Event: 15.727 GC heap before
{Heap before GC invocations=30 (full 0):
 garbage-first heap   total 342016K, used 161826K [0x00000000c0000000, 0x0000000100000000)
  region size 1024K, 16 young (16384K), 10 survivors (10240K)
 Metaspace       used 116606K, committed 117824K, reserved 1179648K
  class space    used 16027K, committed 16640K, reserved 1048576K
}
Event: 15.735 GC heap after
{Heap after GC invocations=31 (full 0):
 garbage-first heap   total 342016K, used 153140K [0x00000000c0000000, 0x0000000100000000)
  region size 1024K, 2 young (2048K), 2 survivors (2048K)
 Metaspace       used 116606K, committed 117824K, reserved 1179648K
  class space    used 16027K, committed 16640K, reserved 1048576K
}
Event: 16.660 GC heap before
{Heap before GC invocations=31 (full 0):
 garbage-first heap   total 342016K, used 269876K [0x00000000c0000000, 0x0000000100000000)
  region size 1024K, 117 young (119808K), 2 survivors (2048K)
 Metaspace       used 123867K, committed 125184K, reserved 1179648K
  class space    used 16964K, committed 17664K, reserved 1048576K
}
Event: 16.666 GC heap after
{Heap after GC invocations=32 (full 0):
 garbage-first heap   total 342016K, used 155774K [0x00000000c0000000, 0x0000000100000000)
  region size 1024K, 5 young (5120K), 5 survivors (5120K)
 Metaspace       used 123867K, committed 125184K, reserved 1179648K
  class space    used 16964K, committed 17664K, reserved 1048576K
}
Event: 18.116 GC heap before
{Heap before GC invocations=33 (full 0):
 garbage-first heap   total 342016K, used 273534K [0x00000000c0000000, 0x0000000100000000)
  region size 1024K, 121 young (123904K), 5 survivors (5120K)
 Metaspace       used 138645K, committed 139968K, reserved 1179648K
  class space    used 18611K, committed 19264K, reserved 1048576K
}
Event: 18.124 GC heap after
{Heap after GC invocations=34 (full 0):
 garbage-first heap   total 342016K, used 160742K [0x00000000c0000000, 0x0000000100000000)
  region size 1024K, 10 young (10240K), 10 survivors (10240K)
 Metaspace       used 138645K, committed 139968K, reserved 1179648K
  class space    used 18611K, committed 19264K, reserved 1048576K
}
Event: 18.179 GC heap before
{Heap before GC invocations=34 (full 0):
 garbage-first heap   total 342016K, used 165862K [0x00000000c0000000, 0x0000000100000000)
  region size 1024K, 16 young (16384K), 10 survivors (10240K)
 Metaspace       used 139753K, committed 141056K, reserved 1179648K
  class space    used 18748K, committed 19392K, reserved 1048576K
}
Event: 18.186 GC heap after
{Heap after GC invocations=35 (full 0):
 garbage-first heap   total 342016K, used 158795K [0x00000000c0000000, 0x0000000100000000)
  region size 1024K, 2 young (2048K), 2 survivors (2048K)
 Metaspace       used 139753K, committed 141056K, reserved 1179648K
  class space    used 18748K, committed 19392K, reserved 1048576K
}
Event: 19.459 GC heap before
{Heap before GC invocations=35 (full 0):
 garbage-first heap   total 342016K, used 280651K [0x00000000c0000000, 0x0000000100000000)
  region size 1024K, 119 young (121856K), 2 survivors (2048K)
 Metaspace       used 152354K, committed 153600K, reserved 1245184K
  class space    used 20168K, committed 20800K, reserved 1048576K
}
Event: 19.474 GC heap after
{Heap after GC invocations=36 (full 0):
 garbage-first heap   total 342016K, used 182580K [0x00000000c0000000, 0x0000000100000000)
  region size 1024K, 15 young (15360K), 15 survivors (15360K)
 Metaspace       used 152354K, committed 153600K, reserved 1245184K
  class space    used 20168K, committed 20800K, reserved 1048576K
}
Event: 21.152 GC heap before
{Heap before GC invocations=36 (full 0):
 garbage-first heap   total 342016K, used 271668K [0x00000000c0000000, 0x0000000100000000)
  region size 1024K, 103 young (105472K), 15 survivors (15360K)
 Metaspace       used 161174K, committed 162560K, reserved 1245184K
  class space    used 21194K, committed 21888K, reserved 1048576K
}
Event: 21.168 GC heap after
{Heap after GC invocations=37 (full 0):
 garbage-first heap   total 342016K, used 193301K [0x00000000c0000000, 0x0000000100000000)
  region size 1024K, 13 young (13312K), 13 survivors (13312K)
 Metaspace       used 161174K, committed 162560K, reserved 1245184K
  class space    used 21194K, committed 21888K, reserved 1048576K
}
Event: 21.319 GC heap before
{Heap before GC invocations=37 (full 0):
 garbage-first heap   total 342016K, used 215829K [0x00000000c0000000, 0x0000000100000000)
  region size 1024K, 36 young (36864K), 13 survivors (13312K)
 Metaspace       used 161203K, committed 162560K, reserved 1245184K
  class space    used 21195K, committed 21888K, reserved 1048576K
}
Event: 21.327 GC heap after
{Heap after GC invocations=38 (full 0):
 garbage-first heap   total 342016K, used 194732K [0x00000000c0000000, 0x0000000100000000)
  region size 1024K, 3 young (3072K), 3 survivors (3072K)
 Metaspace       used 161203K, committed 162560K, reserved 1245184K
  class space    used 21195K, committed 21888K, reserved 1048576K
}

Deoptimization events (20 events):
Event: 21.674 Thread 0x00000224fd1cfbd0 DEOPT PACKING pc=0x0000022488432df0 sp=0x0000004515efc5b0
Event: 21.674 Thread 0x00000224fd1cfbd0 DEOPT UNPACKING pc=0x0000022487585ba3 sp=0x0000004515efc4c0 mode 2
Event: 21.674 Thread 0x00000224fd1cfbd0 Uncommon trap: trap_request=0xffffff45 fr.pc=0x0000022487b6a4b8 relative=0x0000000000000038
Event: 21.674 Thread 0x00000224fd1cfbd0 Uncommon trap: reason=unstable_if action=reinterpret pc=0x0000022487b6a4b8 method=java.lang.Character.charCount(I)I @ 3 c2
Event: 21.674 Thread 0x00000224fd1cfbd0 DEOPT PACKING pc=0x0000022487b6a4b8 sp=0x0000004515efc530
Event: 21.674 Thread 0x00000224fd1cfbd0 DEOPT UNPACKING pc=0x0000022487585ba3 sp=0x0000004515efc4b8 mode 2
Event: 21.678 Thread 0x00000224fd1cfbd0 Uncommon trap: trap_request=0xffffff45 fr.pc=0x0000022487f3d3b4 relative=0x00000000000001f4
Event: 21.678 Thread 0x00000224fd1cfbd0 Uncommon trap: reason=unstable_if action=reinterpret pc=0x0000022487f3d3b4 method=java.lang.Character.codePointAt(Ljava/lang/CharSequence;I)I @ 12 c2
Event: 21.678 Thread 0x00000224fd1cfbd0 DEOPT PACKING pc=0x0000022487f3d3b4 sp=0x0000004515efb120
Event: 21.678 Thread 0x00000224fd1cfbd0 DEOPT UNPACKING pc=0x0000022487585ba3 sp=0x0000004515efb0e0 mode 2
Event: 21.768 Thread 0x00000224fd1cfbd0 DEOPT PACKING pc=0x000002248042ebc3 sp=0x0000004515efd060
Event: 21.768 Thread 0x00000224fd1cfbd0 DEOPT UNPACKING pc=0x00000224875866e3 sp=0x0000004515efc580 mode 0
Event: 21.787 Thread 0x00000224fd1cfbd0 Uncommon trap: trap_request=0xffffff45 fr.pc=0x00000224883b4720 relative=0x00000000000014a0
Event: 21.787 Thread 0x00000224fd1cfbd0 Uncommon trap: reason=unstable_if action=reinterpret pc=0x00000224883b4720 method=ksp.com.intellij.psi.impl.smartPointers.SmartPointerManagerImpl.trackPointer(Lksp/com/intellij/psi/impl/smartPointers/SmartPsiElementPointerImpl;Lksp/com/intellij/openapi/vf
Event: 21.787 Thread 0x00000224fd1cfbd0 DEOPT PACKING pc=0x00000224883b4720 sp=0x0000004515ef9590
Event: 21.787 Thread 0x00000224fd1cfbd0 DEOPT UNPACKING pc=0x0000022487585ba3 sp=0x0000004515ef93c0 mode 2
Event: 21.817 Thread 0x00000224fd1cfbd0 Uncommon trap: trap_request=0xffffffde fr.pc=0x00000224882d2870 relative=0x0000000000000630
Event: 21.817 Thread 0x00000224fd1cfbd0 Uncommon trap: reason=class_check action=maybe_recompile pc=0x00000224882d2870 method=ksp.org.jetbrains.kotlin.protobuf.FieldSet.isInitialized(Ljava/util/Map$Entry;)Z @ 61 c2
Event: 21.817 Thread 0x00000224fd1cfbd0 DEOPT PACKING pc=0x00000224882d2870 sp=0x0000004515ef8630
Event: 21.817 Thread 0x00000224fd1cfbd0 DEOPT UNPACKING pc=0x0000022487585ba3 sp=0x0000004515ef8558 mode 2

Classes unloaded (20 events):
Event: 6.166 Thread 0x00000224f85e8990 Unloading class 0x00000224905b4c00 'java/lang/invoke/LambdaForm$MH+0x00000224905b4c00'
Event: 6.166 Thread 0x00000224f85e8990 Unloading class 0x00000224905b4400 'java/lang/invoke/LambdaForm$DMH+0x00000224905b4400'
Event: 6.166 Thread 0x00000224f85e8990 Unloading class 0x00000224905aa800 'java/lang/invoke/LambdaForm$DMH+0x00000224905aa800'
Event: 6.699 Thread 0x00000224f85e8990 Unloading class 0x0000022490898800 'java/lang/invoke/LambdaForm$DMH+0x0000022490898800'
Event: 16.772 Thread 0x00000224f85e8990 Unloading class 0x0000022490f44c00 'java/lang/invoke/LambdaForm$DMH+0x0000022490f44c00'
Event: 16.772 Thread 0x00000224f85e8990 Unloading class 0x0000022490e68400 'java/lang/invoke/LambdaForm$DMH+0x0000022490e68400'
Event: 16.772 Thread 0x00000224f85e8990 Unloading class 0x0000022490e28800 'java/lang/invoke/LambdaForm$DMH+0x0000022490e28800'
Event: 16.772 Thread 0x00000224f85e8990 Unloading class 0x0000022490e28400 'java/lang/invoke/LambdaForm$DMH+0x0000022490e28400'
Event: 16.772 Thread 0x00000224f85e8990 Unloading class 0x0000022490d6cc00 'java/lang/invoke/LambdaForm$DMH+0x0000022490d6cc00'
Event: 16.772 Thread 0x00000224f85e8990 Unloading class 0x0000022490d6c400 'java/lang/invoke/LambdaForm$DMH+0x0000022490d6c400'
Event: 16.772 Thread 0x00000224f85e8990 Unloading class 0x0000022490b26000 'jdk/internal/reflect/GeneratedSerializationConstructorAccessor434'
Event: 16.772 Thread 0x00000224f85e8990 Unloading class 0x0000022490b25c00 'jdk/internal/reflect/GeneratedSerializationConstructorAccessor435'
Event: 16.772 Thread 0x00000224f85e8990 Unloading class 0x0000022490b25400 'jdk/internal/reflect/GeneratedSerializationConstructorAccessor432'
Event: 16.772 Thread 0x00000224f85e8990 Unloading class 0x0000022490b24c00 'jdk/internal/reflect/GeneratedSerializationConstructorAccessor431'
Event: 16.772 Thread 0x00000224f85e8990 Unloading class 0x0000022490b24400 'jdk/internal/reflect/GeneratedSerializationConstructorAccessor427'
Event: 16.772 Thread 0x00000224f85e8990 Unloading class 0x0000022490b24800 'jdk/internal/reflect/GeneratedSerializationConstructorAccessor428'
Event: 16.772 Thread 0x00000224f85e8990 Unloading class 0x0000022490b1f400 'java/lang/invoke/LambdaForm$MH+0x0000022490b1f400'
Event: 16.772 Thread 0x00000224f85e8990 Unloading class 0x0000022490b1f000 'java/lang/invoke/LambdaForm$MH+0x0000022490b1f000'
Event: 16.772 Thread 0x00000224f85e8990 Unloading class 0x0000022490b1e800 'java/lang/invoke/LambdaForm$MH+0x0000022490b1e800'
Event: 16.772 Thread 0x00000224f85e8990 Unloading class 0x0000022490b1e400 'java/lang/invoke/LambdaForm$MH+0x0000022490b1e400'

Classes redefined (0 events):
No events

Internal exceptions (20 events):
Event: 20.516 Thread 0x00000224d50ab9e0 Exception <a 'java/lang/NoSuchMethodError'{0x00000000d18536d0}: 'void java.lang.invoke.DirectMethodHandle$Holder.invokeInterface(java.lang.Object, java.lang.Object, int)'> (0x00000000d18536d0) 
thrown [s\open\src\hotspot\share\interpreter\linkResolver.cpp, line 759]
Event: 20.516 Thread 0x00000224d50ab9e0 Exception <a 'java/lang/IncompatibleClassChangeError'{0x00000000d1856f58}: Found class java.lang.Object, but interface was expected> (0x00000000d1856f58) 
thrown [s\open\src\hotspot\share\interpreter\linkResolver.cpp, line 826]
Event: 20.516 Thread 0x00000224d50ab9e0 Implicit null exception at 0x0000022488003fc5 to 0x00000224880041d0
Event: 20.517 Thread 0x00000224d50ab9e0 Exception <a 'java/lang/NoSuchMethodError'{0x00000000d1859288}: 'int java.lang.invoke.DirectMethodHandle$Holder.invokeSpecial(java.lang.Object, java.lang.Object, java.lang.Object, int)'> (0x00000000d1859288) 
thrown [s\open\src\hotspot\share\interpreter\linkResolver.cpp, line 759]
Event: 20.518 Thread 0x00000224d50ab9e0 Exception <a 'java/lang/NoSuchMethodError'{0x00000000d186d260}: 'void java.lang.invoke.DelegatingMethodHandle$Holder.reinvoke_L(java.lang.Object, java.lang.Object, int)'> (0x00000000d186d260) 
thrown [s\open\src\hotspot\share\interpreter\linkResolver.cpp, line 759]
Event: 20.527 Thread 0x00000224d50ab9e0 Exception <a 'java/lang/IncompatibleClassChangeError'{0x00000000d18c8fd0}: Found class java.lang.Object, but interface was expected> (0x00000000d18c8fd0) 
thrown [s\open\src\hotspot\share\interpreter\linkResolver.cpp, line 826]
Event: 20.590 Thread 0x00000224d50ab9e0 Exception <a 'sun/nio/fs/WindowsException'{0x00000000d16437d0}> (0x00000000d16437d0) 
thrown [s\open\src\hotspot\share\prims\jni.cpp, line 516]
Event: 20.591 Thread 0x00000224d50ab9e0 Exception <a 'sun/nio/fs/WindowsException'{0x00000000d16441c0}> (0x00000000d16441c0) 
thrown [s\open\src\hotspot\share\prims\jni.cpp, line 516]
Event: 20.591 Thread 0x00000224d50ab9e0 Exception <a 'sun/nio/fs/WindowsException'{0x00000000d16445d0}> (0x00000000d16445d0) 
thrown [s\open\src\hotspot\share\prims\jni.cpp, line 516]
Event: 20.774 Thread 0x00000224dbf68490 Exception <a 'java/lang/InterruptedException'{0x00000000d0e789e0}> (0x00000000d0e789e0) 
thrown [s\open\src\hotspot\share\runtime\objectMonitor.cpp, line 1671]
Event: 21.103 Thread 0x00000224ff004db0 Exception <a 'sun/nio/fs/WindowsException'{0x00000000d02ec9f8}> (0x00000000d02ec9f8) 
thrown [s\open\src\hotspot\share\prims\jni.cpp, line 516]
Event: 21.104 Thread 0x00000224ff004db0 Exception <a 'sun/nio/fs/WindowsException'{0x00000000d02ee658}> (0x00000000d02ee658) 
thrown [s\open\src\hotspot\share\prims\jni.cpp, line 516]
Event: 21.416 Thread 0x00000224fd1cfbd0 Exception <a 'sun/nio/fs/WindowsException'{0x00000000d3fdb148}> (0x00000000d3fdb148) 
thrown [s\open\src\hotspot\share\prims\jni.cpp, line 516]
Event: 21.534 Thread 0x00000224fd1cfbd0 Implicit null exception at 0x0000022488368955 to 0x0000022488368ae4
Event: 21.751 Thread 0x00000224fd1cfbd0 Exception <a 'sun/nio/fs/WindowsException'{0x00000000d3098a30}> (0x00000000d3098a30) 
thrown [s\open\src\hotspot\share\prims\jni.cpp, line 516]
Event: 21.751 Thread 0x00000224fd1cfbd0 Exception <a 'sun/nio/fs/WindowsException'{0x00000000d30993b0}> (0x00000000d30993b0) 
thrown [s\open\src\hotspot\share\prims\jni.cpp, line 516]
Event: 21.751 Thread 0x00000224fd1cfbd0 Exception <a 'sun/nio/fs/WindowsException'{0x00000000d3099788}> (0x00000000d3099788) 
thrown [s\open\src\hotspot\share\prims\jni.cpp, line 516]
Event: 21.759 Thread 0x00000224fd1cfbd0 Exception <a 'sun/nio/fs/WindowsException'{0x00000000d30bd6f0}> (0x00000000d30bd6f0) 
thrown [s\open\src\hotspot\share\prims\jni.cpp, line 516]
Event: 21.759 Thread 0x00000224fd1cfbd0 Exception <a 'sun/nio/fs/WindowsException'{0x00000000d30be080}> (0x00000000d30be080) 
thrown [s\open\src\hotspot\share\prims\jni.cpp, line 516]
Event: 21.759 Thread 0x00000224fd1cfbd0 Exception <a 'sun/nio/fs/WindowsException'{0x00000000d30be6b8}> (0x00000000d30be6b8) 
thrown [s\open\src\hotspot\share\prims\jni.cpp, line 516]

VM Operations (20 events):
Event: 20.535 Executing VM operation: ICBufferFull
Event: 20.535 Executing VM operation: ICBufferFull done
Event: 20.662 Executing VM operation: HandshakeAllThreads
Event: 20.662 Executing VM operation: HandshakeAllThreads done
Event: 20.711 Executing VM operation: HandshakeAllThreads
Event: 20.711 Executing VM operation: HandshakeAllThreads done
Event: 20.789 Executing VM operation: HandshakeAllThreads
Event: 20.791 Executing VM operation: HandshakeAllThreads done
Event: 20.932 Executing VM operation: ICBufferFull
Event: 20.932 Executing VM operation: ICBufferFull done
Event: 21.152 Executing VM operation: G1CollectForAllocation
Event: 21.168 Executing VM operation: G1CollectForAllocation done
Event: 21.319 Executing VM operation: G1TryInitiateConcMark
Event: 21.327 Executing VM operation: G1TryInitiateConcMark done
Event: 21.420 Executing VM operation: G1Concurrent
Event: 21.425 Executing VM operation: G1Concurrent done
Event: 21.469 Executing VM operation: G1Concurrent
Event: 21.470 Executing VM operation: G1Concurrent done
Event: 21.616 Executing VM operation: ICBufferFull
Event: 21.616 Executing VM operation: ICBufferFull done

Events (20 events):
Event: 20.830 Thread 0x00000224f869d140 flushing nmethod 0x0000022481e83190
Event: 20.830 Thread 0x00000224f869d140 flushing nmethod 0x0000022481ead490
Event: 20.830 Thread 0x00000224f869d140 flushing nmethod 0x0000022481eb4b90
Event: 20.830 Thread 0x00000224f869d140 flushing nmethod 0x0000022481eb8790
Event: 20.830 Thread 0x00000224f869d140 flushing nmethod 0x0000022481ecde90
Event: 20.830 Thread 0x00000224f869d140 flushing nmethod 0x0000022481eef490
Event: 20.830 Thread 0x00000224f869d140 flushing nmethod 0x0000022481ef9590
Event: 20.831 Thread 0x00000224f869d140 flushing nmethod 0x0000022481f20a10
Event: 20.831 Thread 0x00000224f869d140 flushing nmethod 0x0000022481f40210
Event: 20.831 Thread 0x00000224f869d140 flushing nmethod 0x0000022481f98a10
Event: 20.831 Thread 0x00000224f869d140 flushing nmethod 0x0000022481fa9610
Event: 20.831 Thread 0x00000224f869d140 flushing nmethod 0x0000022481fbe710
Event: 20.831 Thread 0x00000224f869d140 flushing nmethod 0x0000022481fd1390
Event: 20.831 Thread 0x00000224f869d140 flushing nmethod 0x0000022482006890
Event: 20.831 Thread 0x00000224f869d140 flushing nmethod 0x0000022482020810
Event: 20.831 Thread 0x00000224f869d140 flushing nmethod 0x0000022482058a90
Event: 20.832 Thread 0x00000224f869d140 flushing nmethod 0x0000022482106590
Event: 20.832 Thread 0x00000224f869d140 flushing nmethod 0x0000022482106890
Event: 21.172 Thread 0x00000224dbf68490 Thread exited: 0x00000224dbf68490
Event: 21.302 Thread 0x00000224db4f2490 Thread added: 0x00000224db4f2490


Dynamic libraries:
0x00007ff693ce0000 - 0x00007ff693cf0000 	C:\develop\Java\jdk17\bin\java.exe
0x00007ff8bb770000 - 0x00007ff8bb968000 	C:\Windows\SYSTEM32\ntdll.dll
0x00007ff8b9f80000 - 0x00007ff8ba03d000 	C:\Windows\System32\KERNEL32.DLL
0x00007ff8b9250000 - 0x00007ff8b9546000 	C:\Windows\System32\KERNELBASE.dll
0x00007ff8b9630000 - 0x00007ff8b9730000 	C:\Windows\System32\ucrtbase.dll
0x00007ff893cf0000 - 0x00007ff893d09000 	C:\develop\Java\jdk17\bin\jli.dll
0x00007ff893a60000 - 0x00007ff893a7b000 	C:\develop\Java\jdk17\bin\VCRUNTIME140.dll
0x00007ff8ba210000 - 0x00007ff8ba2bf000 	C:\Windows\System32\ADVAPI32.dll
0x00007ff8ba140000 - 0x00007ff8ba1de000 	C:\Windows\System32\msvcrt.dll
0x00007ff8b9b30000 - 0x00007ff8b9bcc000 	C:\Windows\System32\sechost.dll
0x00007ff8b97d0000 - 0x00007ff8b98f6000 	C:\Windows\System32\RPCRT4.dll
0x00007ff8b9cb0000 - 0x00007ff8b9e4e000 	C:\Windows\System32\USER32.dll
0x00007ff8b8e50000 - 0x00007ff8b8e72000 	C:\Windows\System32\win32u.dll
0x00007ff8a13b0000 - 0x00007ff8a164a000 	C:\Windows\WinSxS\amd64_microsoft.windows.common-controls_6595b64144ccf1df_6.0.19041.3636_none_60b6a03d71f818d5\COMCTL32.dll
0x00007ff8ba110000 - 0x00007ff8ba13c000 	C:\Windows\System32\GDI32.dll
0x00007ff8b9090000 - 0x00007ff8b91aa000 	C:\Windows\System32\gdi32full.dll
0x00007ff8b9730000 - 0x00007ff8b97cd000 	C:\Windows\System32\msvcp_win.dll
0x00007ff8b36c0000 - 0x00007ff8b36ca000 	C:\Windows\SYSTEM32\VERSION.dll
0x00007ff8ba1e0000 - 0x00007ff8ba210000 	C:\Windows\System32\IMM32.DLL
0x00007ff8b1f40000 - 0x00007ff8b1f4c000 	C:\develop\Java\jdk17\bin\vcruntime140_1.dll
0x00007ff888a90000 - 0x00007ff888b1e000 	C:\develop\Java\jdk17\bin\msvcp140.dll
0x00007ff84f530000 - 0x00007ff850110000 	C:\develop\Java\jdk17\bin\server\jvm.dll
0x00007ff8bab90000 - 0x00007ff8bab98000 	C:\Windows\System32\PSAPI.DLL
0x00007ff8b4890000 - 0x00007ff8b4899000 	C:\Windows\SYSTEM32\WSOCK32.dll
0x00007ff8ae000000 - 0x00007ff8ae027000 	C:\Windows\SYSTEM32\WINMM.dll
0x00007ff8ba8c0000 - 0x00007ff8ba92b000 	C:\Windows\System32\WS2_32.dll
0x00007ff8b6cf0000 - 0x00007ff8b6d02000 	C:\Windows\SYSTEM32\kernel.appcore.dll
0x00007ff8b0e90000 - 0x00007ff8b0e9a000 	C:\develop\Java\jdk17\bin\jimage.dll
0x00007ff8a1d80000 - 0x00007ff8a1f64000 	C:\Windows\SYSTEM32\DBGHELP.DLL
0x00007ff895fd0000 - 0x00007ff896004000 	C:\Windows\SYSTEM32\dbgcore.DLL
0x00007ff8b9550000 - 0x00007ff8b95d2000 	C:\Windows\System32\bcryptPrimitives.dll
0x00007ff8af7d0000 - 0x00007ff8af7de000 	C:\develop\Java\jdk17\bin\instrument.dll
0x00007ff88c570000 - 0x00007ff88c595000 	C:\develop\Java\jdk17\bin\java.dll
0x00007ff883610000 - 0x00007ff8836e7000 	C:\develop\Java\jdk17\bin\jsvml.dll
0x00007ff8baba0000 - 0x00007ff8bb2e4000 	C:\Windows\System32\SHELL32.dll
0x00007ff8b6ef0000 - 0x00007ff8b768b000 	C:\Windows\SYSTEM32\windows.storage.dll
0x00007ff8bb2f0000 - 0x00007ff8bb644000 	C:\Windows\System32\combase.dll
0x00007ff8b87b0000 - 0x00007ff8b87dd000 	C:\Windows\SYSTEM32\Wldp.dll
0x00007ff8ba930000 - 0x00007ff8ba9dd000 	C:\Windows\System32\SHCORE.dll
0x00007ff8b9920000 - 0x00007ff8b9975000 	C:\Windows\System32\shlwapi.dll
0x00007ff8b8d80000 - 0x00007ff8b8da5000 	C:\Windows\SYSTEM32\profapi.dll
0x00007ff890560000 - 0x00007ff890578000 	C:\develop\Java\jdk17\bin\zip.dll
0x00007ff88ce80000 - 0x00007ff88ce99000 	C:\develop\Java\jdk17\bin\net.dll
0x00007ff8b28d0000 - 0x00007ff8b29da000 	C:\Windows\SYSTEM32\WINHTTP.dll
0x00007ff8b8590000 - 0x00007ff8b85fa000 	C:\Windows\system32\mswsock.dll
0x00007ff88c820000 - 0x00007ff88c836000 	C:\develop\Java\jdk17\bin\nio.dll
0x00007ff8a1360000 - 0x00007ff8a1370000 	C:\develop\Java\jdk17\bin\verify.dll
0x00007ff82c270000 - 0x00007ff82c297000 	C:\Users\Administrator\.gradle\native\1def1411415f61bf3af743bc5b6707747c0891f09f0c88961ee8f79bc544acac\windows-amd64\native-platform.dll
0x00007ff8af7e0000 - 0x00007ff8af858000 	C:\Users\Administrator\.gradle\native\0.2.7\x86_64-windows-gnu\gradle-fileevents.dll
0x00007ff89f5b0000 - 0x00007ff89f5ba000 	C:\develop\Java\jdk17\bin\management.dll
0x00007ff896620000 - 0x00007ff89662b000 	C:\develop\Java\jdk17\bin\management_ext.dll
0x00007ff8b8250000 - 0x00007ff8b828b000 	C:\Windows\SYSTEM32\IPHLPAPI.DLL
0x00007ff8ba2c0000 - 0x00007ff8ba2c8000 	C:\Windows\System32\NSI.dll
0x00007ff8b3710000 - 0x00007ff8b3727000 	C:\Windows\SYSTEM32\dhcpcsvc6.DLL
0x00007ff8b36d0000 - 0x00007ff8b36ed000 	C:\Windows\SYSTEM32\dhcpcsvc.DLL
0x00007ff8b8290000 - 0x00007ff8b835a000 	C:\Windows\SYSTEM32\DNSAPI.dll
0x00007ff8b87f0000 - 0x00007ff8b8808000 	C:\Windows\SYSTEM32\CRYPTSP.dll
0x00007ff8b7e70000 - 0x00007ff8b7ea4000 	C:\Windows\system32\rsaenh.dll
0x00007ff8b9220000 - 0x00007ff8b9247000 	C:\Windows\System32\bcrypt.dll
0x00007ff8b8d40000 - 0x00007ff8b8d6e000 	C:\Windows\SYSTEM32\USERENV.dll
0x00007ff8b8720000 - 0x00007ff8b872c000 	C:\Windows\SYSTEM32\CRYPTBASE.dll
0x00007ff895360000 - 0x00007ff89536e000 	C:\develop\Java\jdk17\bin\sunmscapi.dll
0x00007ff8b8f30000 - 0x00007ff8b908d000 	C:\Windows\System32\CRYPT32.dll
0x00007ff8b8900000 - 0x00007ff8b8927000 	C:\Windows\SYSTEM32\ncrypt.dll
0x00007ff8b88c0000 - 0x00007ff8b88fb000 	C:\Windows\SYSTEM32\NTASN1.dll
0x00007ff8960e0000 - 0x00007ff8960e7000 	C:\Windows\system32\wshunix.dll
0x00007ff894b80000 - 0x00007ff894b97000 	C:\Windows\system32\napinsp.dll
0x00007ff882b80000 - 0x00007ff882b9b000 	C:\Windows\system32\pnrpnsp.dll
0x00007ff891910000 - 0x00007ff891925000 	C:\Windows\system32\wshbth.dll
0x00007ff8b47e0000 - 0x00007ff8b47fd000 	C:\Windows\system32\NLAapi.dll
0x00007ff882b60000 - 0x00007ff882b72000 	C:\Windows\System32\winrnr.dll
0x00007ff8b1ee0000 - 0x00007ff8b1eea000 	C:\Windows\System32\rasadhlp.dll
0x00007ff8b2110000 - 0x00007ff8b2190000 	C:\Windows\System32\fwpuclnt.dll
0x00007ff8b4970000 - 0x00007ff8b4977000 	C:\develop\Java\jdk17\bin\rmi.dll
0x00007ff8b7fb0000 - 0x00007ff8b7fe3000 	C:\Windows\SYSTEM32\ntmarta.dll
0x00007ff8806b0000 - 0x00007ff880841000 	C:\develop\Java\jdk17\bin\awt.dll
0x00007ff8ba040000 - 0x00007ff8ba10d000 	C:\Windows\System32\OLEAUT32.dll
0x00007ff8b6650000 - 0x00007ff8b66e0000 	C:\Windows\SYSTEM32\apphelp.dll
0x00007ff8b6820000 - 0x00007ff8b68be000 	C:\Windows\system32\uxtheme.dll
0x00007ff8ba9e0000 - 0x00007ff8baaf4000 	C:\Windows\System32\MSCTF.dll
0x00007ff8b9e50000 - 0x00007ff8b9f7b000 	C:\Windows\System32\ole32.dll

dbghelp: loaded successfully - version: 4.0.5 - missing functions: none
symbol engine: initialized successfully - sym options: 0x614 - pdb path: .;C:\develop\Java\jdk17\bin;C:\Windows\SYSTEM32;C:\Windows\WinSxS\amd64_microsoft.windows.common-controls_6595b64144ccf1df_6.0.19041.3636_none_60b6a03d71f818d5;C:\develop\Java\jdk17\bin\server;C:\Users\Administrator\.gradle\native\1def1411415f61bf3af743bc5b6707747c0891f09f0c88961ee8f79bc544acac\windows-amd64;C:\Users\Administrator\.gradle\native\0.2.7\x86_64-windows-gnu

VM Arguments:
jvm_args: --add-opens=java.base/java.lang=ALL-UNNAMED --add-opens=java.base/java.lang.invoke=ALL-UNNAMED --add-opens=java.base/java.util=ALL-UNNAMED --add-opens=java.prefs/java.util.prefs=ALL-UNNAMED --add-exports=jdk.compiler/com.sun.tools.javac.api=ALL-UNNAMED --add-exports=jdk.compiler/com.sun.tools.javac.util=ALL-UNNAMED --add-opens=java.base/java.util=ALL-UNNAMED --add-opens=java.prefs/java.util.prefs=ALL-UNNAMED --add-opens=java.base/java.nio.charset=ALL-UNNAMED --add-opens=java.base/java.net=ALL-UNNAMED --add-opens=java.base/java.util.concurrent.atomic=ALL-UNNAMED --add-opens=java.xml/javax.xml.namespace=ALL-UNNAMED -Xmx1024m -Dfile.encoding=UTF-8 -Duser.country=CN -Duser.language=zh -Duser.variant -javaagent:C:\Users\Administrator\.gradle\wrapper\dists\gradle-8.13-bin\5xuhj0ry160q40clulazy9h7d\gradle-8.13\lib\agents\gradle-instrumentation-agent-8.13.jar 
java_command: org.gradle.launcher.daemon.bootstrap.GradleDaemon 8.13
java_class_path (initial): C:\Users\Administrator\.gradle\wrapper\dists\gradle-8.13-bin\5xuhj0ry160q40clulazy9h7d\gradle-8.13\lib\gradle-daemon-main-8.13.jar
Launcher Type: SUN_STANDARD

[Global flags]
     intx CICompilerCount                          = 4                                         {product} {ergonomic}
     uint ConcGCThreads                            = 3                                         {product} {ergonomic}
     uint G1ConcRefinementThreads                  = 10                                        {product} {ergonomic}
   size_t G1HeapRegionSize                         = 1048576                                   {product} {ergonomic}
    uintx GCDrainStackTargetSize                   = 64                                        {product} {ergonomic}
   size_t InitialHeapSize                          = 530579456                                 {product} {ergonomic}
   size_t MarkStackSize                            = 4194304                                   {product} {ergonomic}
   size_t MaxHeapSize                              = 1073741824                                {product} {command line}
   size_t MaxNewSize                               = 643825664                                 {product} {ergonomic}
   size_t MinHeapDeltaBytes                        = 1048576                                   {product} {ergonomic}
   size_t MinHeapSize                              = 8388608                                   {product} {ergonomic}
    uintx NonNMethodCodeHeapSize                   = 5839372                                {pd product} {ergonomic}
    uintx NonProfiledCodeHeapSize                  = 122909434                              {pd product} {ergonomic}
    uintx ProfiledCodeHeapSize                     = 122909434                              {pd product} {ergonomic}
    uintx ReservedCodeCacheSize                    = 251658240                              {pd product} {ergonomic}
     bool SegmentedCodeCache                       = true                                      {product} {ergonomic}
   size_t SoftMaxHeapSize                          = 1073741824                             {manageable} {ergonomic}
     bool UseCompressedClassPointers               = true                           {product lp64_product} {ergonomic}
     bool UseCompressedOops                        = true                           {product lp64_product} {ergonomic}
     bool UseG1GC                                  = true                                      {product} {ergonomic}
     bool UseLargePagesIndividualAllocation        = false                                  {pd product} {ergonomic}

Logging:
Log output configuration:
 #0: stdout all=warning uptime,level,tags
 #1: stderr all=off uptime,level,tags

Environment Variables:
JAVA_HOME=C:\develop\Java\jdk17
CLASSPATH=.;C:\develop\Java\jdk17\lib\dt.jar;C:\develop\Java\jdk17\lib\tools.jar
PATH=C:\Program Files\Common Files\Oracle\Java\javapath;C:\Windows\system32;C:\Windows;C:\Windows\System32\Wbem;C:\Windows\System32\WindowsPowerShell\v1.0\;C:\Windows\System32\OpenSSH\;C:\develop\Python312;C:\Users\Administrator\AppData\Local\Android\Sdk\platform-tools;C:\Program Files\dotnet\;C:\develop\PuTTY\;C:\develop\Java\jdk17\bin;C:\develop\Java\jdk17\jre\bin;C:\develop\Git\cmd;C:\develop\nodejs\;C:\Users\Administrator\AppData\Local\Android\Sdk\platform-tools;C:\develop\Git LFS;C:\Users\Administrator\AppData\Local\Android\Sdk\cmake\3.22.1\bin;C:\develop\python\Scripts\;C:\develop\python\;C:\Users\Administrator\AppData\Roaming\npm;C:\develop\PyCharm 2025.2.1.1\bin;C:\develop\Antigravity\bin;C:\develop\cursor\resources\app\bin;C:\develop\CodeBuddy CN\bin;C:\develop\Microsoft VS Code\bin
USERNAME=Administrator
OS=Windows_NT
PROCESSOR_IDENTIFIER=Intel64 Family 6 Model 167 Stepping 1, GenuineIntel



---------------  S Y S T E M  ---------------

OS:
 Windows 10 , 64 bit Build 19041 (10.0.19041.3636)
OS uptime: 3 days 22:48 hours
Hyper-V role detected

CPU: total 12 (initial active 12) (6 cores per cpu, 2 threads per core) family 6 model 167 stepping 1 microcode 0x24, cx8, cmov, fxsr, ht, mmx, 3dnowpref, sse, sse2, sse3, ssse3, sse4.1, sse4.2, popcnt, lzcnt, tsc, tscinvbit, avx, avx2, aes, erms, clmul, bmi1, bmi2, adx, avx512f, avx512dq, avx512cd, avx512bw, avx512vl, sha, fma, vzeroupper, avx512_vpopcntdq, avx512_vpclmulqdq, avx512_vaes, avx512_vnni, clflush, clflushopt, avx512_vbmi2, avx512_vbmi, hv

Memory: 4k page, system-wide physical 32375M (1138M free)
TotalPageFile size 36471M (AvailPageFile size 5M)
current process WorkingSet (physical memory assigned to process): 774M, peak: 774M
current process commit charge ("private bytes"): 823M, peak: 824M

vm_info: Java HotSpot(TM) 64-Bit Server VM (17.0.12+8-LTS-286) for windows-amd64 JRE (17.0.12+8-LTS-286), built on Jun  5 2024 06:46:59 by "mach5one" with MS VC++ 17.6 (VS2022)

END.
